id,type,src,dst,app,latency,message,ctime,size,buffer,path,shiftime
1,LINK,1,0,0,5.000004,M.USER.APP.0,107,20,0,"[1, 0, 2, 9, 28]",0.0
2,LINK,2,0,1,9.000002222222221,M.USER.APP.1,107,20,1,"[2, 0, 3, 10, 32]",0.0
1,LINK,0,2,0,9.000002222222221,M.USER.APP.0,112.000004,20,1,"[1, 0, 2, 9, 28]",0.0
2,LINK,0,3,1,1.00002,M.USER.APP.1,116.00000222222222,20,1,"[2, 0, 3, 10, 32]",0.0
2,LINK,3,10,1,2.00001,M.USER.APP.1,117.00002222222223,20,1,"[2, 0, 3, 10, 32]",0.0
2,LINK,10,32,1,6.000003333333333,M.USER.APP.1,119.00003222222223,20,1,"[2, 0, 3, 10, 32]",0.0
1,LINK,2,9,0,1.00002,M.USER.APP.0,121.00000622222223,20,1,"[1, 0, 2, 9, 28]",0.0
1,LINK,9,28,0,1.00002,M.USER.APP.0,122.00002622222223,20,1,"[1, 0, 2, 9, 28]",0.0
1,LINK,28,9,0,1.00003,0_(0-3),123.60004622222223,30,1,"[28, 9]",0.0
3,LINK,3,12,2,3.00001,M.USER.APP.2,269,30,0,"[3, 12, 38, 117]",0.0
4,LINK,4,1,3,10.000002,M.USER.APP.3,269,20,1,"[4, 1, 0, 2, 9, 28]",0.0
5,LINK,5,1,4,10.000002,M.USER.APP.4,269,20,2,"[5, 1, 0, 3, 10, 33, 101]",0.0
6,LINK,6,1,5,7.000001714285714,M.USER.APP.5,269,12,3,"[6, 1, 0, 2, 7, 23, 72]",0.0
7,LINK,7,2,6,6.000003666666666,M.USER.APP.6,269,22,4,"[7, 2, 0, 1, 5, 17]",0.0
8,LINK,8,2,7,8.0000125,M.USER.APP.7,269,100,5,"[8, 2]",0.0
9,LINK,9,2,8,1.00001,M.USER.APP.8,269,10,6,"[9, 2, 0, 3, 10, 31]",0.0
10,LINK,10,3,9,2.000011,M.USER.APP.9,269,22,7,"[10, 3, 11, 34, 103]",0.0
9,LINK,2,0,8,9.00000111111111,M.USER.APP.8,270.00001,10,7,"[9, 2, 0, 3, 10, 31]",0.0
10,LINK,3,11,9,3.0000073333333335,M.USER.APP.9,271.000011,22,7,"[10, 3, 11, 34, 103]",0.0
3,LINK,12,38,2,2.000015,M.USER.APP.2,272.00001,30,7,"[3, 12, 38, 117]",0.0
10,LINK,11,34,9,7.0000031428571425,M.USER.APP.9,274.0000183333333,22,7,"[10, 3, 11, 34, 103]",0.0
3,LINK,38,117,2,4.0000075,M.USER.APP.2,274.000025,30,7,"[3, 12, 38, 117]",0.0
7,LINK,2,0,6,9.000002444444444,M.USER.APP.6,275.00000366666666,22,7,"[7, 2, 0, 1, 5, 17]",4.000007444444407
6,LINK,1,0,5,5.0000024,M.USER.APP.5,276.0000017142857,12,7,"[6, 1, 0, 2, 7, 23, 72]",0.0
4,LINK,1,0,3,5.000004,M.USER.APP.3,279.000002,20,4,"[4, 1, 0, 2, 9, 28]",2.000002114285735
5,LINK,1,0,4,5.000004,M.USER.APP.4,279.000002,20,5,"[5, 1, 0, 3, 10, 33, 101]",7.000006114285725
9,LINK,0,3,8,1.00001,M.USER.APP.8,279.00001111111106,10,5,"[9, 2, 0, 3, 10, 31]",0.0
9,LINK,3,10,8,2.000005,M.USER.APP.8,280.00002111111104,10,5,"[9, 2, 0, 3, 10, 31]",0.0
6,LINK,0,2,5,9.000001333333334,M.USER.APP.5,281.00000411428573,12,5,"[6, 1, 0, 2, 7, 23, 72]",0.0
10,LINK,34,103,9,9.000002444444444,M.USER.APP.9,281.00002147619045,22,5,"[10, 3, 11, 34, 103]",0.0
9,LINK,10,31,8,9.00000111111111,M.USER.APP.8,282.000026111111,10,5,"[9, 2, 0, 3, 10, 31]",0.0
4,LINK,0,2,3,9.000002222222221,M.USER.APP.3,286.0000081142857,20,5,"[4, 1, 0, 2, 9, 28]",3.99999733333334
7,LINK,0,1,6,5.0000044,M.USER.APP.6,288.0000135555555,22,5,"[7, 2, 0, 1, 5, 17]",0.0
6,LINK,2,7,5,6.000002,M.USER.APP.5,290.00000544761906,12,5,"[6, 1, 0, 2, 7, 23, 72]",0.0
5,LINK,0,3,4,1.00002,M.USER.APP.4,291.0000121142857,20,4,"[5, 1, 0, 3, 10, 33, 101]",0.0
5,LINK,3,10,4,2.00001,M.USER.APP.4,292.0000321142857,20,3,"[5, 1, 0, 3, 10, 33, 101]",0.0
7,LINK,1,5,6,10.0000022,M.USER.APP.6,293.0000179555555,22,3,"[7, 2, 0, 1, 5, 17]",0.0
5,LINK,10,33,4,3.0000066666666667,M.USER.APP.4,294.0000421142857,20,3,"[5, 1, 0, 3, 10, 33, 101]",0.0
6,LINK,7,23,5,10.0000012,M.USER.APP.5,296.00000744761905,12,3,"[6, 1, 0, 2, 7, 23, 72]",0.0
5,LINK,33,101,4,9.000002222222221,M.USER.APP.4,297.00004878095234,20,3,"[5, 1, 0, 3, 10, 33, 101]",0.0
4,LINK,2,9,3,1.00002,M.USER.APP.3,299.0000076698413,20,3,"[4, 1, 0, 2, 9, 28]",0.0
4,LINK,9,28,3,1.00002,M.USER.APP.3,300.0000276698413,20,3,"[4, 1, 0, 2, 9, 28]",0.0
4,LINK,28,9,3,1.00002,3_(0-2),301.3000476698413,20,3,"[28, 9]",0.0
7,LINK,5,17,6,1.000022,M.USER.APP.6,303.0000201555555,22,2,"[7, 2, 0, 1, 5, 17]",0.0
6,LINK,23,72,5,3.000004,M.USER.APP.5,306.00000864761904,12,1,"[6, 1, 0, 2, 7, 23, 72]",0.0
11,LINK,1,0,0,5.000004,M.USER.APP.0,361,20,0,"[1, 0, 2, 9, 28]",0.0
12,LINK,2,0,1,9.000002222222221,M.USER.APP.1,361,20,1,"[2, 0, 3, 10, 32]",0.0
13,LINK,1,0,0,5.000004,M.USER.APP.0,362,20,2,"[1, 0, 2, 9, 28]",4.00000399999999
14,LINK,2,0,1,9.000002222222221,M.USER.APP.1,362,20,3,"[2, 0, 3, 10, 32]",8.000002222222236
11,LINK,0,2,0,9.000002222222221,M.USER.APP.0,366.000004,20,3,"[1, 0, 2, 9, 28]",0.0
12,LINK,0,3,1,1.00002,M.USER.APP.1,370.00000222222224,20,3,"[2, 0, 3, 10, 32]",0.0
13,LINK,0,2,0,9.000002222222221,M.USER.APP.0,371.000008,20,3,"[1, 0, 2, 9, 28]",3.9999982222222457
12,LINK,3,10,1,2.00001,M.USER.APP.1,371.00002222222224,20,3,"[2, 0, 3, 10, 32]",0.0
12,LINK,10,32,1,6.000003333333333,M.USER.APP.1,373.0000322222222,20,3,"[2, 0, 3, 10, 32]",0.0
11,LINK,2,9,0,1.00002,M.USER.APP.0,375.0000062222222,20,3,"[1, 0, 2, 9, 28]",0.0
11,LINK,9,28,0,1.00002,M.USER.APP.0,376.00002622222223,20,3,"[1, 0, 2, 9, 28]",0.0
11,LINK,28,9,0,1.00003,0_(0-3),377.60004622222226,30,3,"[28, 9]",0.0
14,LINK,0,3,1,1.00002,M.USER.APP.1,379.00000444444447,20,2,"[2, 0, 3, 10, 32]",0.0
14,LINK,3,10,1,2.00001,M.USER.APP.1,380.0000244444445,20,1,"[2, 0, 3, 10, 32]",0.0
14,LINK,10,32,1,6.000003333333333,M.USER.APP.1,382.00003444444445,20,1,"[2, 0, 3, 10, 32]",0.0
13,LINK,2,9,0,1.00002,M.USER.APP.0,384.00000844444446,20,1,"[1, 0, 2, 9, 28]",0.0
13,LINK,9,28,0,1.00002,M.USER.APP.0,385.00002844444447,20,1,"[1, 0, 2, 9, 28]",0.0
13,LINK,28,9,0,1.00003,0_(0-3),386.6000484444445,30,1,"[28, 9]",0.0
15,LINK,1,0,0,5.000004,M.USER.APP.0,434,20,0,"[1, 0, 2, 9, 28]",0.0
16,LINK,2,0,1,9.000002222222221,M.USER.APP.1,434,20,1,"[2, 0, 3, 10, 32]",0.0
15,LINK,0,2,0,9.000002222222221,M.USER.APP.0,439.000004,20,1,"[1, 0, 2, 9, 28]",0.0
16,LINK,0,3,1,1.00002,M.USER.APP.1,443.00000222222224,20,1,"[2, 0, 3, 10, 32]",0.0
16,LINK,3,10,1,2.00001,M.USER.APP.1,444.00002222222224,20,1,"[2, 0, 3, 10, 32]",0.0
16,LINK,10,32,1,6.000003333333333,M.USER.APP.1,446.0000322222222,20,1,"[2, 0, 3, 10, 32]",0.0
15,LINK,2,9,0,1.00002,M.USER.APP.0,448.0000062222222,20,1,"[1, 0, 2, 9, 28]",0.0
15,LINK,9,28,0,1.00002,M.USER.APP.0,449.00002622222223,20,1,"[1, 0, 2, 9, 28]",0.0
15,LINK,28,9,0,1.00003,0_(0-3),450.60004622222226,30,1,"[28, 9]",0.0
17,LINK,1,0,0,5.000004,M.USER.APP.0,465,20,0,"[1, 0, 2, 9, 28]",0.0
18,LINK,2,0,1,9.000002222222221,M.USER.APP.1,465,20,1,"[2, 0, 3, 10, 32]",0.0
17,LINK,0,2,0,9.000002222222221,M.USER.APP.0,470.000004,20,1,"[1, 0, 2, 9, 28]",0.0
18,LINK,0,3,1,1.00002,M.USER.APP.1,474.00000222222224,20,1,"[2, 0, 3, 10, 32]",0.0
18,LINK,3,10,1,2.00001,M.USER.APP.1,475.00002222222224,20,1,"[2, 0, 3, 10, 32]",0.0
18,LINK,10,32,1,6.000003333333333,M.USER.APP.1,477.0000322222222,20,1,"[2, 0, 3, 10, 32]",0.0
17,LINK,2,9,0,1.00002,M.USER.APP.0,479.0000062222222,20,1,"[1, 0, 2, 9, 28]",0.0
17,LINK,9,28,0,1.00002,M.USER.APP.0,480.00002622222223,20,1,"[1, 0, 2, 9, 28]",0.0
17,LINK,28,9,0,1.00003,0_(0-3),481.60004622222226,30,1,"[28, 9]",0.0
19,LINK,1,0,0,5.000004,M.USER.APP.0,484,20,0,"[1, 0, 2, 9, 28]",0.0
20,LINK,2,0,1,9.000002222222221,M.USER.APP.1,484,20,1,"[2, 0, 3, 10, 32]",0.0
19,LINK,0,2,0,9.000002222222221,M.USER.APP.0,489.000004,20,1,"[1, 0, 2, 9, 28]",0.0
20,LINK,0,3,1,1.00002,M.USER.APP.1,493.00000222222224,20,1,"[2, 0, 3, 10, 32]",0.0
20,LINK,3,10,1,2.00001,M.USER.APP.1,494.00002222222224,20,1,"[2, 0, 3, 10, 32]",0.0
20,LINK,10,32,1,6.000003333333333,M.USER.APP.1,496.0000322222222,20,1,"[2, 0, 3, 10, 32]",0.0
19,LINK,2,9,0,1.00002,M.USER.APP.0,498.0000062222222,20,1,"[1, 0, 2, 9, 28]",0.0
19,LINK,9,28,0,1.00002,M.USER.APP.0,499.00002622222223,20,1,"[1, 0, 2, 9, 28]",0.0
19,LINK,28,9,0,1.00003,0_(0-3),500.60004622222226,30,1,"[28, 9]",0.0
21,LINK,1,0,0,5.000004,M.USER.APP.0,525,20,0,"[1, 0, 2, 9, 28]",0.0
22,LINK,2,0,1,9.000002222222221,M.USER.APP.1,525,20,1,"[2, 0, 3, 10, 32]",0.0
21,LINK,0,2,0,9.000002222222221,M.USER.APP.0,530.000004,20,1,"[1, 0, 2, 9, 28]",0.0
22,LINK,0,3,1,1.00002,M.USER.APP.1,534.0000022222222,20,1,"[2, 0, 3, 10, 32]",0.0
22,LINK,3,10,1,2.00001,M.USER.APP.1,535.0000222222221,20,1,"[2, 0, 3, 10, 32]",0.0
22,LINK,10,32,1,6.000003333333333,M.USER.APP.1,537.0000322222221,20,1,"[2, 0, 3, 10, 32]",0.0
21,LINK,2,9,0,1.00002,M.USER.APP.0,539.0000062222222,20,1,"[1, 0, 2, 9, 28]",0.0
21,LINK,9,28,0,1.00002,M.USER.APP.0,540.0000262222221,20,1,"[1, 0, 2, 9, 28]",0.0
21,LINK,28,9,0,1.00003,0_(0-3),541.600046222222,30,1,"[28, 9]",0.0
23,LINK,1,0,0,5.000004,M.USER.APP.0,609,20,0,"[1, 0, 2, 9, 28]",0.0
24,LINK,2,0,1,9.000002222222221,M.USER.APP.1,609,20,1,"[2, 0, 3, 10, 32]",0.0
23,LINK,0,2,0,9.000002222222221,M.USER.APP.0,614.000004,20,1,"[1, 0, 2, 9, 28]",0.0
24,LINK,0,3,1,1.00002,M.USER.APP.1,618.0000022222222,20,1,"[2, 0, 3, 10, 32]",0.0
24,LINK,3,10,1,2.00001,M.USER.APP.1,619.0000222222221,20,1,"[2, 0, 3, 10, 32]",0.0
24,LINK,10,32,1,6.000003333333333,M.USER.APP.1,621.0000322222221,20,1,"[2, 0, 3, 10, 32]",0.0
23,LINK,2,9,0,1.00002,M.USER.APP.0,623.0000062222222,20,1,"[1, 0, 2, 9, 28]",0.0
23,LINK,9,28,0,1.00002,M.USER.APP.0,624.0000262222221,20,1,"[1, 0, 2, 9, 28]",0.0
23,LINK,28,9,0,1.00003,0_(0-3),625.600046222222,30,1,"[28, 9]",0.0
25,LINK,1,0,0,5.000004,M.USER.APP.0,710,20,0,"[1, 0, 2, 9, 28]",0.0
26,LINK,2,0,1,9.000002222222221,M.USER.APP.1,710,20,1,"[2, 0, 3, 10, 32]",0.0
25,LINK,0,2,0,9.000002222222221,M.USER.APP.0,715.000004,20,1,"[1, 0, 2, 9, 28]",0.0
26,LINK,0,3,1,1.00002,M.USER.APP.1,719.0000022222222,20,1,"[2, 0, 3, 10, 32]",0.0
26,LINK,3,10,1,2.00001,M.USER.APP.1,720.0000222222221,20,1,"[2, 0, 3, 10, 32]",0.0
26,LINK,10,32,1,6.000003333333333,M.USER.APP.1,722.0000322222221,20,1,"[2, 0, 3, 10, 32]",0.0
25,LINK,2,9,0,1.00002,M.USER.APP.0,724.0000062222222,20,1,"[1, 0, 2, 9, 28]",0.0
25,LINK,9,28,0,1.00002,M.USER.APP.0,725.0000262222221,20,1,"[1, 0, 2, 9, 28]",0.0
25,LINK,28,9,0,1.00003,0_(0-3),726.600046222222,30,1,"[28, 9]",0.0
27,LINK,1,0,0,5.000004,M.USER.APP.0,864,20,0,"[1, 0, 2, 9, 28]",0.0
28,LINK,2,0,1,9.000002222222221,M.USER.APP.1,864,20,1,"[2, 0, 3, 10, 32]",0.0
27,LINK,0,2,0,9.000002222222221,M.USER.APP.0,869.000004,20,1,"[1, 0, 2, 9, 28]",0.0
28,LINK,0,3,1,1.00002,M.USER.APP.1,873.0000022222222,20,1,"[2, 0, 3, 10, 32]",0.0
28,LINK,3,10,1,2.00001,M.USER.APP.1,874.0000222222221,20,1,"[2, 0, 3, 10, 32]",0.0
28,LINK,10,32,1,6.000003333333333,M.USER.APP.1,876.0000322222221,20,1,"[2, 0, 3, 10, 32]",0.0
27,LINK,2,9,0,1.00002,M.USER.APP.0,878.0000062222222,20,1,"[1, 0, 2, 9, 28]",0.0
27,LINK,9,28,0,1.00002,M.USER.APP.0,879.0000262222221,20,1,"[1, 0, 2, 9, 28]",0.0
27,LINK,28,9,0,1.00003,0_(0-3),880.600046222222,30,1,"[28, 9]",0.0
29,LINK,3,12,2,3.00001,M.USER.APP.2,906,30,0,"[3, 12, 38, 117]",0.0
30,LINK,4,1,3,10.000002,M.USER.APP.3,906,20,1,"[4, 1, 0, 2, 9, 28]",0.0
31,LINK,5,1,4,10.000002,M.USER.APP.4,906,20,2,"[5, 1, 0, 3, 10, 33, 101]",0.0
32,LINK,6,1,5,7.000001714285714,M.USER.APP.5,906,12,3,"[6, 1, 0, 2, 7, 23, 72]",0.0
33,LINK,7,2,6,6.000003666666666,M.USER.APP.6,906,22,4,"[7, 2, 0, 1, 5, 17]",0.0
34,LINK,8,2,7,8.0000125,M.USER.APP.7,906,100,5,"[8, 2]",0.0
35,LINK,9,2,8,1.00001,M.USER.APP.8,906,10,6,"[9, 2, 0, 3, 10, 31]",0.0
36,LINK,10,3,9,2.000011,M.USER.APP.9,906,22,7,"[10, 3, 11, 34, 103]",0.0
37,LINK,3,12,2,3.00001,M.USER.APP.2,907,30,8,"[3, 12, 38, 117]",2.0000099999999748
38,LINK,4,1,3,10.000002,M.USER.APP.3,907,20,9,"[4, 1, 0, 2, 9, 28]",9.000001999999995
39,LINK,5,1,4,10.000002,M.USER.APP.4,907,20,10,"[5, 1, 0, 3, 10, 33, 101]",9.000001999999995
40,LINK,6,1,5,7.000001714285714,M.USER.APP.5,907,12,11,"[6, 1, 0, 2, 7, 23, 72]",6.000001714285759
41,LINK,7,2,6,6.000003666666666,M.USER.APP.6,907,22,12,"[7, 2, 0, 1, 5, 17]",5.000003666666657
42,LINK,8,2,7,8.0000125,M.USER.APP.7,907,100,13,"[8, 2]",7.000012500000025
43,LINK,9,2,8,1.00001,M.USER.APP.8,907,10,14,"[9, 2, 0, 3, 10, 31]",9.999999974752427e-06
44,LINK,10,3,9,2.000011,M.USER.APP.9,907,22,15,"[10, 3, 11, 34, 103]",1.0000109999999722
35,LINK,2,0,8,9.00000111111111,M.USER.APP.8,907.00001,10,15,"[9, 2, 0, 3, 10, 31]",0.0
36,LINK,3,11,9,3.0000073333333335,M.USER.APP.9,908.000011,22,15,"[10, 3, 11, 34, 103]",0.0
43,LINK,2,0,8,9.00000111111111,M.USER.APP.8,908.00002,10,15,"[9, 2, 0, 3, 10, 31]",7.9999911111111714
29,LINK,12,38,2,2.000015,M.USER.APP.2,909.00001,30,15,"[3, 12, 38, 117]",0.0
44,LINK,3,11,9,3.0000073333333335,M.USER.APP.9,910.000022,22,15,"[10, 3, 11, 34, 103]",0.9999963333333426
36,LINK,11,34,9,7.0000031428571425,M.USER.APP.9,911.0000183333333,22,15,"[10, 3, 11, 34, 103]",0.0
29,LINK,38,117,2,4.0000075,M.USER.APP.2,911.0000249999999,30,15,"[3, 12, 38, 117]",0.0
33,LINK,2,0,6,9.000002444444444,M.USER.APP.6,912.0000036666667,22,15,"[7, 2, 0, 1, 5, 17]",13.00000855555561
37,LINK,12,38,2,2.000015,M.USER.APP.2,912.00002,30,15,"[3, 12, 38, 117]",0.0
32,LINK,1,0,5,5.0000024,M.USER.APP.5,913.0000017142858,12,15,"[6, 1, 0, 2, 7, 23, 72]",0.0
44,LINK,11,34,9,7.0000031428571425,M.USER.APP.9,914.0000256666666,22,14,"[10, 3, 11, 34, 103]",3.9999958095238526
37,LINK,38,117,2,4.0000075,M.USER.APP.2,914.0000349999999,30,14,"[3, 12, 38, 117]",0.9999975000000632
30,LINK,1,0,3,5.000004,M.USER.APP.3,916.000002,20,12,"[4, 1, 0, 2, 9, 28]",2.000002114285735
31,LINK,1,0,4,5.000004,M.USER.APP.4,916.000002,20,13,"[5, 1, 0, 3, 10, 33, 101]",7.000006114285725
35,LINK,0,3,8,1.00001,M.USER.APP.8,916.0000111111111,10,13,"[9, 2, 0, 3, 10, 31]",0.0
35,LINK,3,10,8,2.000005,M.USER.APP.8,917.0000211111111,10,13,"[9, 2, 0, 3, 10, 31]",0.0
32,LINK,0,2,5,9.000001333333334,M.USER.APP.5,918.0000041142857,12,13,"[6, 1, 0, 2, 7, 23, 72]",0.0
41,LINK,2,0,6,9.000002444444444,M.USER.APP.6,918.0000073333333,22,13,"[7, 2, 0, 1, 5, 17]",16.00000733333343
36,LINK,34,103,9,9.000002444444444,M.USER.APP.9,918.0000214761905,22,13,"[10, 3, 11, 34, 103]",0.0
35,LINK,10,31,8,9.00000111111111,M.USER.APP.8,919.0000261111111,10,13,"[9, 2, 0, 3, 10, 31]",0.0
40,LINK,1,0,5,5.0000024,M.USER.APP.5,920.0000034285715,12,12,"[6, 1, 0, 2, 7, 23, 72]",8.000008685714192
30,LINK,0,2,3,9.000002222222221,M.USER.APP.3,923.0000081142857,20,11,"[4, 1, 0, 2, 9, 28]",3.99999733333334
43,LINK,0,3,8,1.00001,M.USER.APP.8,925.0000122222223,10,11,"[9, 2, 0, 3, 10, 31]",0.0
44,LINK,34,103,9,9.000002444444444,M.USER.APP.9,925.0000246190476,22,11,"[10, 3, 11, 34, 103]",1.9999993015873088
38,LINK,1,0,3,5.000004,M.USER.APP.3,926.000004,20,10,"[4, 1, 0, 2, 9, 28]",7.000010514285691
39,LINK,1,0,4,5.000004,M.USER.APP.4,926.000004,20,11,"[5, 1, 0, 3, 10, 33, 101]",12.000014514285681
43,LINK,3,10,8,2.000005,M.USER.APP.8,926.0000222222222,10,11,"[9, 2, 0, 3, 10, 31]",0.0
32,LINK,2,7,5,6.000002,M.USER.APP.5,927.0000054476191,12,11,"[6, 1, 0, 2, 7, 23, 72]",0.0
31,LINK,0,3,4,1.00002,M.USER.APP.4,928.0000121142857,20,10,"[5, 1, 0, 3, 10, 33, 101]",0.0
43,LINK,10,31,8,9.00000111111111,M.USER.APP.8,928.0000272222222,10,9,"[9, 2, 0, 3, 10, 31]",0.0
31,LINK,3,10,4,2.00001,M.USER.APP.4,929.0000321142857,20,9,"[5, 1, 0, 3, 10, 33, 101]",0.0
31,LINK,10,33,4,3.0000066666666667,M.USER.APP.4,931.0000421142856,20,9,"[5, 1, 0, 3, 10, 33, 101]",0.0
32,LINK,7,23,5,10.0000012,M.USER.APP.5,933.000007447619,12,9,"[6, 1, 0, 2, 7, 23, 72]",0.0
40,LINK,0,2,5,9.000001333333334,M.USER.APP.5,933.0000145142857,12,9,"[6, 1, 0, 2, 7, 23, 72]",2.9999931555555577
33,LINK,0,1,6,5.0000044,M.USER.APP.6,934.0000146666667,22,9,"[7, 2, 0, 1, 5, 17]",0.0
31,LINK,33,101,4,9.000002222222221,M.USER.APP.4,934.0000487809523,20,9,"[5, 1, 0, 3, 10, 33, 101]",0.0
30,LINK,2,9,3,1.00002,M.USER.APP.3,936.0000076698412,20,9,"[4, 1, 0, 2, 9, 28]",0.0
30,LINK,9,28,3,1.00002,M.USER.APP.3,937.0000276698412,20,8,"[4, 1, 0, 2, 9, 28]",0.0
38,LINK,0,2,3,9.000002222222221,M.USER.APP.3,938.0000185142857,20,7,"[4, 1, 0, 2, 9, 28]",6.999990488888898
30,LINK,28,9,3,1.00002,3_(0-2),938.3000476698411,20,7,"[28, 9]",0.0
33,LINK,1,5,6,10.0000022,M.USER.APP.6,939.0000190666667,22,7,"[7, 2, 0, 1, 5, 17]",0.0
32,LINK,23,72,5,3.000004,M.USER.APP.5,943.0000086476191,12,6,"[6, 1, 0, 2, 7, 23, 72]",0.0
41,LINK,0,1,6,5.0000044,M.USER.APP.6,943.0000171111112,22,6,"[7, 2, 0, 1, 5, 17]",0.0
39,LINK,0,3,4,1.00002,M.USER.APP.4,943.0000225142857,20,6,"[5, 1, 0, 3, 10, 33, 101]",0.0
39,LINK,3,10,4,2.00001,M.USER.APP.4,944.0000425142856,20,5,"[5, 1, 0, 3, 10, 33, 101]",0.0
40,LINK,2,7,5,6.000002,M.USER.APP.5,945.0000090031746,12,5,"[6, 1, 0, 2, 7, 23, 72]",0.0
39,LINK,10,33,4,3.0000066666666667,M.USER.APP.4,946.0000525142856,20,4,"[5, 1, 0, 3, 10, 33, 101]",0.0
41,LINK,1,5,6,10.0000022,M.USER.APP.6,948.0000215111112,22,4,"[7, 2, 0, 1, 5, 17]",0.9999997555555638
33,LINK,5,17,6,1.000022,M.USER.APP.6,949.0000212666667,22,4,"[7, 2, 0, 1, 5, 17]",0.0
39,LINK,33,101,4,9.000002222222221,M.USER.APP.4,949.0000591809522,20,4,"[5, 1, 0, 3, 10, 33, 101]",0.0
40,LINK,7,23,5,10.0000012,M.USER.APP.5,951.0000110031746,12,3,"[6, 1, 0, 2, 7, 23, 72]",0.0
38,LINK,2,9,3,1.00002,M.USER.APP.3,954.0000112253967,20,3,"[4, 1, 0, 2, 9, 28]",0.0
38,LINK,9,28,3,1.00002,M.USER.APP.3,955.0000312253967,20,3,"[4, 1, 0, 2, 9, 28]",0.0
38,LINK,28,9,3,1.00002,3_(0-2),956.3000512253966,20,3,"[28, 9]",0.0
41,LINK,5,17,6,1.000022,M.USER.APP.6,959.0000234666668,22,1,"[7, 2, 0, 1, 5, 17]",0.0
40,LINK,23,72,5,3.000004,M.USER.APP.5,961.0000122031746,12,0,"[6, 1, 0, 2, 7, 23, 72]",0.0
45,LINK,1,0,0,5.000004,M.USER.APP.0,972,20,0,"[1, 0, 2, 9, 28]",0.0
46,LINK,2,0,1,9.000002222222221,M.USER.APP.1,972,20,1,"[2, 0, 3, 10, 32]",0.0
45,LINK,0,2,0,9.000002222222221,M.USER.APP.0,977.000004,20,1,"[1, 0, 2, 9, 28]",0.0
46,LINK,0,3,1,1.00002,M.USER.APP.1,981.0000022222222,20,1,"[2, 0, 3, 10, 32]",0.0
46,LINK,3,10,1,2.00001,M.USER.APP.1,982.0000222222221,20,1,"[2, 0, 3, 10, 32]",0.0
46,LINK,10,32,1,6.000003333333333,M.USER.APP.1,984.0000322222221,20,1,"[2, 0, 3, 10, 32]",0.0
45,LINK,2,9,0,1.00002,M.USER.APP.0,986.0000062222222,20,1,"[1, 0, 2, 9, 28]",0.0
45,LINK,9,28,0,1.00002,M.USER.APP.0,987.0000262222221,20,1,"[1, 0, 2, 9, 28]",0.0
45,LINK,28,9,0,1.00003,0_(0-3),988.600046222222,30,1,"[28, 9]",0.0
47,LINK,3,12,2,3.00001,M.USER.APP.2,1087,30,0,"[3, 12, 38, 117]",0.0
48,LINK,4,1,3,10.000002,M.USER.APP.3,1087,20,1,"[4, 1, 0, 2, 9, 28]",0.0
49,LINK,5,1,4,10.000002,M.USER.APP.4,1087,20,2,"[5, 1, 0, 3, 10, 33, 101]",0.0
50,LINK,6,1,5,7.000001714285714,M.USER.APP.5,1087,12,3,"[6, 1, 0, 2, 7, 23, 72]",0.0
51,LINK,7,2,6,6.000003666666666,M.USER.APP.6,1087,22,4,"[7, 2, 0, 1, 5, 17]",0.0
52,LINK,8,2,7,8.0000125,M.USER.APP.7,1087,100,5,"[8, 2]",0.0
53,LINK,9,2,8,1.00001,M.USER.APP.8,1087,10,6,"[9, 2, 0, 3, 10, 31]",0.0
54,LINK,10,3,9,2.000011,M.USER.APP.9,1087,22,7,"[10, 3, 11, 34, 103]",0.0
53,LINK,2,0,8,9.00000111111111,M.USER.APP.8,1088.00001,10,7,"[9, 2, 0, 3, 10, 31]",0.0
54,LINK,3,11,9,3.0000073333333335,M.USER.APP.9,1089.000011,22,7,"[10, 3, 11, 34, 103]",0.0
47,LINK,12,38,2,2.000015,M.USER.APP.2,1090.00001,30,7,"[3, 12, 38, 117]",0.0
54,LINK,11,34,9,7.0000031428571425,M.USER.APP.9,1092.0000183333334,22,7,"[10, 3, 11, 34, 103]",0.0
47,LINK,38,117,2,4.0000075,M.USER.APP.2,1092.000025,30,7,"[3, 12, 38, 117]",0.0
51,LINK,2,0,6,9.000002444444444,M.USER.APP.6,1093.0000036666668,22,7,"[7, 2, 0, 1, 5, 17]",4.000007444444236
50,LINK,1,0,5,5.0000024,M.USER.APP.5,1094.0000017142856,12,7,"[6, 1, 0, 2, 7, 23, 72]",0.0
48,LINK,1,0,3,5.000004,M.USER.APP.3,1097.000002,20,4,"[4, 1, 0, 2, 9, 28]",2.000002114285735
49,LINK,1,0,4,5.000004,M.USER.APP.4,1097.000002,20,5,"[5, 1, 0, 3, 10, 33, 101]",7.000006114285725
53,LINK,0,3,8,1.00001,M.USER.APP.8,1097.000011111111,10,5,"[9, 2, 0, 3, 10, 31]",0.0
53,LINK,3,10,8,2.000005,M.USER.APP.8,1098.000021111111,10,5,"[9, 2, 0, 3, 10, 31]",0.0
50,LINK,0,2,5,9.000001333333334,M.USER.APP.5,1099.0000041142857,12,5,"[6, 1, 0, 2, 7, 23, 72]",0.0
54,LINK,34,103,9,9.000002444444444,M.USER.APP.9,1099.0000214761906,22,5,"[10, 3, 11, 34, 103]",0.0
53,LINK,10,31,8,9.00000111111111,M.USER.APP.8,1100.000026111111,10,5,"[9, 2, 0, 3, 10, 31]",0.0
48,LINK,0,2,3,9.000002222222221,M.USER.APP.3,1104.0000081142857,20,5,"[4, 1, 0, 2, 9, 28]",3.99999733333334
51,LINK,0,1,6,5.0000044,M.USER.APP.6,1106.0000135555554,22,5,"[7, 2, 0, 1, 5, 17]",0.0
50,LINK,2,7,5,6.000002,M.USER.APP.5,1108.000005447619,12,5,"[6, 1, 0, 2, 7, 23, 72]",0.0
49,LINK,0,3,4,1.00002,M.USER.APP.4,1109.0000121142857,20,4,"[5, 1, 0, 3, 10, 33, 101]",0.0
49,LINK,3,10,4,2.00001,M.USER.APP.4,1110.0000321142857,20,3,"[5, 1, 0, 3, 10, 33, 101]",0.0
51,LINK,1,5,6,10.0000022,M.USER.APP.6,1111.0000179555554,22,3,"[7, 2, 0, 1, 5, 17]",0.0
49,LINK,10,33,4,3.0000066666666667,M.USER.APP.4,1112.0000421142856,20,3,"[5, 1, 0, 3, 10, 33, 101]",0.0
50,LINK,7,23,5,10.0000012,M.USER.APP.5,1114.000007447619,12,3,"[6, 1, 0, 2, 7, 23, 72]",0.0
49,LINK,33,101,4,9.000002222222221,M.USER.APP.4,1115.0000487809523,20,3,"[5, 1, 0, 3, 10, 33, 101]",0.0
48,LINK,2,9,3,1.00002,M.USER.APP.3,1117.0000076698414,20,3,"[4, 1, 0, 2, 9, 28]",0.0
48,LINK,9,28,3,1.00002,M.USER.APP.3,1118.0000276698413,20,3,"[4, 1, 0, 2, 9, 28]",0.0
48,LINK,28,9,3,1.00002,3_(0-2),1119.3000476698412,20,3,"[28, 9]",0.0
51,LINK,5,17,6,1.000022,M.USER.APP.6,1121.0000201555554,22,2,"[7, 2, 0, 1, 5, 17]",0.0
50,LINK,23,72,5,3.000004,M.USER.APP.5,1124.000008647619,12,1,"[6, 1, 0, 2, 7, 23, 72]",0.0
55,LINK,3,12,2,3.00001,M.USER.APP.2,1166,30,0,"[3, 12, 38, 117]",0.0
56,LINK,4,1,3,10.000002,M.USER.APP.3,1166,20,1,"[4, 1, 0, 2, 9, 28]",0.0
57,LINK,5,1,4,10.000002,M.USER.APP.4,1166,20,2,"[5, 1, 0, 3, 10, 33, 101]",0.0
58,LINK,6,1,5,7.000001714285714,M.USER.APP.5,1166,12,3,"[6, 1, 0, 2, 7, 23, 72]",0.0
59,LINK,7,2,6,6.000003666666666,M.USER.APP.6,1166,22,4,"[7, 2, 0, 1, 5, 17]",0.0
60,LINK,8,2,7,8.0000125,M.USER.APP.7,1166,100,5,"[8, 2]",0.0
61,LINK,9,2,8,1.00001,M.USER.APP.8,1166,10,6,"[9, 2, 0, 3, 10, 31]",0.0
62,LINK,10,3,9,2.000011,M.USER.APP.9,1166,22,7,"[10, 3, 11, 34, 103]",0.0
61,LINK,2,0,8,9.00000111111111,M.USER.APP.8,1167.00001,10,7,"[9, 2, 0, 3, 10, 31]",0.0
62,LINK,3,11,9,3.0000073333333335,M.USER.APP.9,1168.000011,22,7,"[10, 3, 11, 34, 103]",0.0
55,LINK,12,38,2,2.000015,M.USER.APP.2,1169.00001,30,7,"[3, 12, 38, 117]",0.0
62,LINK,11,34,9,7.0000031428571425,M.USER.APP.9,1171.0000183333334,22,7,"[10, 3, 11, 34, 103]",0.0
55,LINK,38,117,2,4.0000075,M.USER.APP.2,1171.000025,30,7,"[3, 12, 38, 117]",0.0
59,LINK,2,0,6,9.000002444444444,M.USER.APP.6,1172.0000036666668,22,7,"[7, 2, 0, 1, 5, 17]",4.000007444444236
58,LINK,1,0,5,5.0000024,M.USER.APP.5,1173.0000017142856,12,7,"[6, 1, 0, 2, 7, 23, 72]",0.0
56,LINK,1,0,3,5.000004,M.USER.APP.3,1176.000002,20,4,"[4, 1, 0, 2, 9, 28]",2.000002114285735
57,LINK,1,0,4,5.000004,M.USER.APP.4,1176.000002,20,5,"[5, 1, 0, 3, 10, 33, 101]",7.000006114285725
61,LINK,0,3,8,1.00001,M.USER.APP.8,1176.000011111111,10,5,"[9, 2, 0, 3, 10, 31]",0.0
61,LINK,3,10,8,2.000005,M.USER.APP.8,1177.000021111111,10,5,"[9, 2, 0, 3, 10, 31]",0.0
58,LINK,0,2,5,9.000001333333334,M.USER.APP.5,1178.0000041142857,12,5,"[6, 1, 0, 2, 7, 23, 72]",0.0
62,LINK,34,103,9,9.000002444444444,M.USER.APP.9,1178.0000214761906,22,5,"[10, 3, 11, 34, 103]",0.0
61,LINK,10,31,8,9.00000111111111,M.USER.APP.8,1179.000026111111,10,5,"[9, 2, 0, 3, 10, 31]",0.0
56,LINK,0,2,3,9.000002222222221,M.USER.APP.3,1183.0000081142857,20,5,"[4, 1, 0, 2, 9, 28]",3.99999733333334
59,LINK,0,1,6,5.0000044,M.USER.APP.6,1185.0000135555554,22,5,"[7, 2, 0, 1, 5, 17]",0.0
58,LINK,2,7,5,6.000002,M.USER.APP.5,1187.000005447619,12,5,"[6, 1, 0, 2, 7, 23, 72]",0.0
57,LINK,0,3,4,1.00002,M.USER.APP.4,1188.0000121142857,20,4,"[5, 1, 0, 3, 10, 33, 101]",0.0
57,LINK,3,10,4,2.00001,M.USER.APP.4,1189.0000321142857,20,3,"[5, 1, 0, 3, 10, 33, 101]",0.0
59,LINK,1,5,6,10.0000022,M.USER.APP.6,1190.0000179555554,22,3,"[7, 2, 0, 1, 5, 17]",0.0
57,LINK,10,33,4,3.0000066666666667,M.USER.APP.4,1191.0000421142856,20,3,"[5, 1, 0, 3, 10, 33, 101]",0.0
58,LINK,7,23,5,10.0000012,M.USER.APP.5,1193.000007447619,12,3,"[6, 1, 0, 2, 7, 23, 72]",0.0
57,LINK,33,101,4,9.000002222222221,M.USER.APP.4,1194.0000487809523,20,3,"[5, 1, 0, 3, 10, 33, 101]",0.0
56,LINK,2,9,3,1.00002,M.USER.APP.3,1196.0000076698414,20,3,"[4, 1, 0, 2, 9, 28]",0.0
56,LINK,9,28,3,1.00002,M.USER.APP.3,1197.0000276698413,20,3,"[4, 1, 0, 2, 9, 28]",0.0
56,LINK,28,9,3,1.00002,3_(0-2),1198.3000476698412,20,3,"[28, 9]",0.0
59,LINK,5,17,6,1.000022,M.USER.APP.6,1200.0000201555554,22,2,"[7, 2, 0, 1, 5, 17]",0.0
63,LINK,1,0,0,5.000004,M.USER.APP.0,1203,20,2,"[1, 0, 2, 9, 28]",0.0
64,LINK,2,0,1,9.000002222222221,M.USER.APP.1,1203,20,3,"[2, 0, 3, 10, 32]",0.0
58,LINK,23,72,5,3.000004,M.USER.APP.5,1203.000008647619,12,3,"[6, 1, 0, 2, 7, 23, 72]",0.0
63,LINK,0,2,0,9.000002222222221,M.USER.APP.0,1208.000004,20,1,"[1, 0, 2, 9, 28]",0.0
64,LINK,0,3,1,1.00002,M.USER.APP.1,1212.0000022222223,20,1,"[2, 0, 3, 10, 32]",0.0
64,LINK,3,10,1,2.00001,M.USER.APP.1,1213.0000222222222,20,1,"[2, 0, 3, 10, 32]",0.0
65,LINK,3,12,2,3.00001,M.USER.APP.2,1214,30,2,"[3, 12, 38, 117]",0.0
66,LINK,4,1,3,10.000002,M.USER.APP.3,1214,20,3,"[4, 1, 0, 2, 9, 28]",0.0
67,LINK,5,1,4,10.000002,M.USER.APP.4,1214,20,4,"[5, 1, 0, 3, 10, 33, 101]",0.0
68,LINK,6,1,5,7.000001714285714,M.USER.APP.5,1214,12,5,"[6, 1, 0, 2, 7, 23, 72]",0.0
69,LINK,7,2,6,6.000003666666666,M.USER.APP.6,1214,22,6,"[7, 2, 0, 1, 5, 17]",0.0
70,LINK,8,2,7,8.0000125,M.USER.APP.7,1214,100,7,"[8, 2]",0.0
71,LINK,9,2,8,1.00001,M.USER.APP.8,1214,10,8,"[9, 2, 0, 3, 10, 31]",0.0
72,LINK,10,3,9,2.000011,M.USER.APP.9,1214,22,9,"[10, 3, 11, 34, 103]",0.0
71,LINK,2,0,8,9.00000111111111,M.USER.APP.8,1215.00001,10,9,"[9, 2, 0, 3, 10, 31]",0.0
64,LINK,10,32,1,6.000003333333333,M.USER.APP.1,1215.0000322222222,20,9,"[2, 0, 3, 10, 32]",0.0
72,LINK,3,11,9,3.0000073333333335,M.USER.APP.9,1216.000011,22,9,"[10, 3, 11, 34, 103]",0.0
63,LINK,2,9,0,1.00002,M.USER.APP.0,1217.0000062222223,20,9,"[1, 0, 2, 9, 28]",0.0
65,LINK,12,38,2,2.000015,M.USER.APP.2,1217.00001,30,9,"[3, 12, 38, 117]",0.0
63,LINK,9,28,0,1.00002,M.USER.APP.0,1218.0000262222222,20,9,"[1, 0, 2, 9, 28]",0.0
72,LINK,11,34,9,7.0000031428571425,M.USER.APP.9,1219.0000183333334,22,9,"[10, 3, 11, 34, 103]",0.0
65,LINK,38,117,2,4.0000075,M.USER.APP.2,1219.000025,30,9,"[3, 12, 38, 117]",0.0
63,LINK,28,9,0,1.00003,0_(0-3),1219.600046222222,30,9,"[28, 9]",0.0
69,LINK,2,0,6,9.000002444444444,M.USER.APP.6,1220.0000036666668,22,9,"[7, 2, 0, 1, 5, 17]",4.000007444444236
68,LINK,1,0,5,5.0000024,M.USER.APP.5,1221.0000017142856,12,8,"[6, 1, 0, 2, 7, 23, 72]",0.0
66,LINK,1,0,3,5.000004,M.USER.APP.3,1224.000002,20,4,"[4, 1, 0, 2, 9, 28]",2.000002114285735
67,LINK,1,0,4,5.000004,M.USER.APP.4,1224.000002,20,5,"[5, 1, 0, 3, 10, 33, 101]",7.000006114285725
71,LINK,0,3,8,1.00001,M.USER.APP.8,1224.000011111111,10,5,"[9, 2, 0, 3, 10, 31]",0.0
71,LINK,3,10,8,2.000005,M.USER.APP.8,1225.000021111111,10,5,"[9, 2, 0, 3, 10, 31]",0.0
68,LINK,0,2,5,9.000001333333334,M.USER.APP.5,1226.0000041142857,12,5,"[6, 1, 0, 2, 7, 23, 72]",0.0
72,LINK,34,103,9,9.000002444444444,M.USER.APP.9,1226.0000214761906,22,5,"[10, 3, 11, 34, 103]",0.0
71,LINK,10,31,8,9.00000111111111,M.USER.APP.8,1227.000026111111,10,5,"[9, 2, 0, 3, 10, 31]",0.0
66,LINK,0,2,3,9.000002222222221,M.USER.APP.3,1231.0000081142857,20,5,"[4, 1, 0, 2, 9, 28]",3.99999733333334
69,LINK,0,1,6,5.0000044,M.USER.APP.6,1233.0000135555554,22,5,"[7, 2, 0, 1, 5, 17]",0.0
68,LINK,2,7,5,6.000002,M.USER.APP.5,1235.000005447619,12,5,"[6, 1, 0, 2, 7, 23, 72]",0.0
67,LINK,0,3,4,1.00002,M.USER.APP.4,1236.0000121142857,20,4,"[5, 1, 0, 3, 10, 33, 101]",0.0
67,LINK,3,10,4,2.00001,M.USER.APP.4,1237.0000321142857,20,3,"[5, 1, 0, 3, 10, 33, 101]",0.0
69,LINK,1,5,6,10.0000022,M.USER.APP.6,1238.0000179555554,22,3,"[7, 2, 0, 1, 5, 17]",0.0
67,LINK,10,33,4,3.0000066666666667,M.USER.APP.4,1239.0000421142856,20,3,"[5, 1, 0, 3, 10, 33, 101]",0.0
68,LINK,7,23,5,10.0000012,M.USER.APP.5,1241.000007447619,12,3,"[6, 1, 0, 2, 7, 23, 72]",0.0
67,LINK,33,101,4,9.000002222222221,M.USER.APP.4,1242.0000487809523,20,3,"[5, 1, 0, 3, 10, 33, 101]",0.0
66,LINK,2,9,3,1.00002,M.USER.APP.3,1244.0000076698414,20,3,"[4, 1, 0, 2, 9, 28]",0.0
66,LINK,9,28,3,1.00002,M.USER.APP.3,1245.0000276698413,20,3,"[4, 1, 0, 2, 9, 28]",0.0
66,LINK,28,9,3,1.00002,3_(0-2),1246.3000476698412,20,3,"[28, 9]",0.0
73,LINK,1,0,0,5.000004,M.USER.APP.0,1248,20,3,"[1, 0, 2, 9, 28]",0.0
74,LINK,2,0,1,9.000002222222221,M.USER.APP.1,1248,20,4,"[2, 0, 3, 10, 32]",0.0
69,LINK,5,17,6,1.000022,M.USER.APP.6,1248.0000201555554,22,4,"[7, 2, 0, 1, 5, 17]",0.0
68,LINK,23,72,5,3.000004,M.USER.APP.5,1251.000008647619,12,3,"[6, 1, 0, 2, 7, 23, 72]",0.0
73,LINK,0,2,0,9.000002222222221,M.USER.APP.0,1253.000004,20,2,"[1, 0, 2, 9, 28]",0.0
74,LINK,0,3,1,1.00002,M.USER.APP.1,1257.0000022222223,20,1,"[2, 0, 3, 10, 32]",0.0
74,LINK,3,10,1,2.00001,M.USER.APP.1,1258.0000222222222,20,1,"[2, 0, 3, 10, 32]",0.0
74,LINK,10,32,1,6.000003333333333,M.USER.APP.1,1260.0000322222222,20,1,"[2, 0, 3, 10, 32]",0.0
73,LINK,2,9,0,1.00002,M.USER.APP.0,1262.0000062222223,20,1,"[1, 0, 2, 9, 28]",0.0
73,LINK,9,28,0,1.00002,M.USER.APP.0,1263.0000262222222,20,1,"[1, 0, 2, 9, 28]",0.0
73,LINK,28,9,0,1.00003,0_(0-3),1264.600046222222,30,1,"[28, 9]",0.0
75,LINK,3,12,2,3.00001,M.USER.APP.2,1317,30,0,"[3, 12, 38, 117]",0.0
76,LINK,4,1,3,10.000002,M.USER.APP.3,1317,20,1,"[4, 1, 0, 2, 9, 28]",0.0
77,LINK,5,1,4,10.000002,M.USER.APP.4,1317,20,2,"[5, 1, 0, 3, 10, 33, 101]",0.0
78,LINK,6,1,5,7.000001714285714,M.USER.APP.5,1317,12,3,"[6, 1, 0, 2, 7, 23, 72]",0.0
79,LINK,7,2,6,6.000003666666666,M.USER.APP.6,1317,22,4,"[7, 2, 0, 1, 5, 17]",0.0
80,LINK,8,2,7,8.0000125,M.USER.APP.7,1317,100,5,"[8, 2]",0.0
81,LINK,9,2,8,1.00001,M.USER.APP.8,1317,10,6,"[9, 2, 0, 3, 10, 31]",0.0
82,LINK,10,3,9,2.000011,M.USER.APP.9,1317,22,7,"[10, 3, 11, 34, 103]",0.0
81,LINK,2,0,8,9.00000111111111,M.USER.APP.8,1318.00001,10,7,"[9, 2, 0, 3, 10, 31]",0.0
82,LINK,3,11,9,3.0000073333333335,M.USER.APP.9,1319.000011,22,7,"[10, 3, 11, 34, 103]",0.0
75,LINK,12,38,2,2.000015,M.USER.APP.2,1320.00001,30,7,"[3, 12, 38, 117]",0.0
82,LINK,11,34,9,7.0000031428571425,M.USER.APP.9,1322.0000183333334,22,7,"[10, 3, 11, 34, 103]",0.0
75,LINK,38,117,2,4.0000075,M.USER.APP.2,1322.000025,30,7,"[3, 12, 38, 117]",0.0
79,LINK,2,0,6,9.000002444444444,M.USER.APP.6,1323.0000036666668,22,7,"[7, 2, 0, 1, 5, 17]",4.000007444444236
78,LINK,1,0,5,5.0000024,M.USER.APP.5,1324.0000017142856,12,7,"[6, 1, 0, 2, 7, 23, 72]",0.0
76,LINK,1,0,3,5.000004,M.USER.APP.3,1327.000002,20,4,"[4, 1, 0, 2, 9, 28]",2.000002114285735
77,LINK,1,0,4,5.000004,M.USER.APP.4,1327.000002,20,5,"[5, 1, 0, 3, 10, 33, 101]",7.000006114285725
81,LINK,0,3,8,1.00001,M.USER.APP.8,1327.000011111111,10,5,"[9, 2, 0, 3, 10, 31]",0.0
81,LINK,3,10,8,2.000005,M.USER.APP.8,1328.000021111111,10,5,"[9, 2, 0, 3, 10, 31]",0.0
78,LINK,0,2,5,9.000001333333334,M.USER.APP.5,1329.0000041142857,12,5,"[6, 1, 0, 2, 7, 23, 72]",0.0
82,LINK,34,103,9,9.000002444444444,M.USER.APP.9,1329.0000214761906,22,5,"[10, 3, 11, 34, 103]",0.0
81,LINK,10,31,8,9.00000111111111,M.USER.APP.8,1330.000026111111,10,5,"[9, 2, 0, 3, 10, 31]",0.0
76,LINK,0,2,3,9.000002222222221,M.USER.APP.3,1334.0000081142857,20,5,"[4, 1, 0, 2, 9, 28]",3.99999733333334
79,LINK,0,1,6,5.0000044,M.USER.APP.6,1336.0000135555554,22,5,"[7, 2, 0, 1, 5, 17]",0.0
78,LINK,2,7,5,6.000002,M.USER.APP.5,1338.000005447619,12,5,"[6, 1, 0, 2, 7, 23, 72]",0.0
77,LINK,0,3,4,1.00002,M.USER.APP.4,1339.0000121142857,20,4,"[5, 1, 0, 3, 10, 33, 101]",0.0
77,LINK,3,10,4,2.00001,M.USER.APP.4,1340.0000321142857,20,3,"[5, 1, 0, 3, 10, 33, 101]",0.0
79,LINK,1,5,6,10.0000022,M.USER.APP.6,1341.0000179555554,22,3,"[7, 2, 0, 1, 5, 17]",0.0
77,LINK,10,33,4,3.0000066666666667,M.USER.APP.4,1342.0000421142856,20,3,"[5, 1, 0, 3, 10, 33, 101]",0.0
78,LINK,7,23,5,10.0000012,M.USER.APP.5,1344.000007447619,12,3,"[6, 1, 0, 2, 7, 23, 72]",0.0
77,LINK,33,101,4,9.000002222222221,M.USER.APP.4,1345.0000487809523,20,3,"[5, 1, 0, 3, 10, 33, 101]",0.0
76,LINK,2,9,3,1.00002,M.USER.APP.3,1347.0000076698414,20,3,"[4, 1, 0, 2, 9, 28]",0.0
76,LINK,9,28,3,1.00002,M.USER.APP.3,1348.0000276698413,20,3,"[4, 1, 0, 2, 9, 28]",0.0
76,LINK,28,9,3,1.00002,3_(0-2),1349.3000476698412,20,3,"[28, 9]",0.0
79,LINK,5,17,6,1.000022,M.USER.APP.6,1351.0000201555554,22,2,"[7, 2, 0, 1, 5, 17]",0.0
78,LINK,23,72,5,3.000004,M.USER.APP.5,1354.000008647619,12,1,"[6, 1, 0, 2, 7, 23, 72]",0.0
83,LINK,3,12,2,3.00001,M.USER.APP.2,1528,30,0,"[3, 12, 38, 117]",0.0
84,LINK,4,1,3,10.000002,M.USER.APP.3,1528,20,1,"[4, 1, 0, 2, 9, 28]",0.0
85,LINK,5,1,4,10.000002,M.USER.APP.4,1528,20,2,"[5, 1, 0, 3, 10, 33, 101]",0.0
86,LINK,6,1,5,7.000001714285714,M.USER.APP.5,1528,12,3,"[6, 1, 0, 2, 7, 23, 72]",0.0
87,LINK,7,2,6,6.000003666666666,M.USER.APP.6,1528,22,4,"[7, 2, 0, 1, 5, 17]",0.0
88,LINK,8,2,7,8.0000125,M.USER.APP.7,1528,100,5,"[8, 2]",0.0
89,LINK,9,2,8,1.00001,M.USER.APP.8,1528,10,6,"[9, 2, 0, 3, 10, 31]",0.0
90,LINK,10,3,9,2.000011,M.USER.APP.9,1528,22,7,"[10, 3, 11, 34, 103]",0.0
89,LINK,2,0,8,9.00000111111111,M.USER.APP.8,1529.00001,10,7,"[9, 2, 0, 3, 10, 31]",0.0
90,LINK,3,11,9,3.0000073333333335,M.USER.APP.9,1530.000011,22,7,"[10, 3, 11, 34, 103]",0.0
83,LINK,12,38,2,2.000015,M.USER.APP.2,1531.00001,30,7,"[3, 12, 38, 117]",0.0
90,LINK,11,34,9,7.0000031428571425,M.USER.APP.9,1533.0000183333334,22,7,"[10, 3, 11, 34, 103]",0.0
83,LINK,38,117,2,4.0000075,M.USER.APP.2,1533.000025,30,7,"[3, 12, 38, 117]",0.0
87,LINK,2,0,6,9.000002444444444,M.USER.APP.6,1534.0000036666668,22,7,"[7, 2, 0, 1, 5, 17]",4.000007444444236
86,LINK,1,0,5,5.0000024,M.USER.APP.5,1535.0000017142856,12,7,"[6, 1, 0, 2, 7, 23, 72]",0.0
84,LINK,1,0,3,5.000004,M.USER.APP.3,1538.000002,20,4,"[4, 1, 0, 2, 9, 28]",2.000002114285735
85,LINK,1,0,4,5.000004,M.USER.APP.4,1538.000002,20,5,"[5, 1, 0, 3, 10, 33, 101]",7.000006114285725
89,LINK,0,3,8,1.00001,M.USER.APP.8,1538.000011111111,10,5,"[9, 2, 0, 3, 10, 31]",0.0
89,LINK,3,10,8,2.000005,M.USER.APP.8,1539.000021111111,10,5,"[9, 2, 0, 3, 10, 31]",0.0
86,LINK,0,2,5,9.000001333333334,M.USER.APP.5,1540.0000041142857,12,5,"[6, 1, 0, 2, 7, 23, 72]",0.0
90,LINK,34,103,9,9.000002444444444,M.USER.APP.9,1540.0000214761906,22,5,"[10, 3, 11, 34, 103]",0.0
89,LINK,10,31,8,9.00000111111111,M.USER.APP.8,1541.000026111111,10,5,"[9, 2, 0, 3, 10, 31]",0.0
84,LINK,0,2,3,9.000002222222221,M.USER.APP.3,1545.0000081142857,20,5,"[4, 1, 0, 2, 9, 28]",3.99999733333334
87,LINK,0,1,6,5.0000044,M.USER.APP.6,1547.0000135555554,22,5,"[7, 2, 0, 1, 5, 17]",0.0
86,LINK,2,7,5,6.000002,M.USER.APP.5,1549.000005447619,12,5,"[6, 1, 0, 2, 7, 23, 72]",0.0
85,LINK,0,3,4,1.00002,M.USER.APP.4,1550.0000121142857,20,4,"[5, 1, 0, 3, 10, 33, 101]",0.0
85,LINK,3,10,4,2.00001,M.USER.APP.4,1551.0000321142857,20,3,"[5, 1, 0, 3, 10, 33, 101]",0.0
87,LINK,1,5,6,10.0000022,M.USER.APP.6,1552.0000179555554,22,3,"[7, 2, 0, 1, 5, 17]",0.0
85,LINK,10,33,4,3.0000066666666667,M.USER.APP.4,1553.0000421142856,20,3,"[5, 1, 0, 3, 10, 33, 101]",0.0
86,LINK,7,23,5,10.0000012,M.USER.APP.5,1555.000007447619,12,3,"[6, 1, 0, 2, 7, 23, 72]",0.0
85,LINK,33,101,4,9.000002222222221,M.USER.APP.4,1556.0000487809523,20,3,"[5, 1, 0, 3, 10, 33, 101]",0.0
84,LINK,2,9,3,1.00002,M.USER.APP.3,1558.0000076698414,20,3,"[4, 1, 0, 2, 9, 28]",0.0
84,LINK,9,28,3,1.00002,M.USER.APP.3,1559.0000276698413,20,3,"[4, 1, 0, 2, 9, 28]",0.0
84,LINK,28,9,3,1.00002,3_(0-2),1560.3000476698412,20,3,"[28, 9]",0.0
87,LINK,5,17,6,1.000022,M.USER.APP.6,1562.0000201555554,22,2,"[7, 2, 0, 1, 5, 17]",0.0
86,LINK,23,72,5,3.000004,M.USER.APP.5,1565.000008647619,12,1,"[6, 1, 0, 2, 7, 23, 72]",0.0
91,LINK,1,0,0,5.000004,M.USER.APP.0,1668,20,0,"[1, 0, 2, 9, 28]",0.0
92,LINK,2,0,1,9.000002222222221,M.USER.APP.1,1668,20,1,"[2, 0, 3, 10, 32]",0.0
93,LINK,1,0,0,5.000004,M.USER.APP.0,1673,20,2,"[1, 0, 2, 9, 28]",3.999999989900971e-06
94,LINK,2,0,1,9.000002222222221,M.USER.APP.1,1673,20,3,"[2, 0, 3, 10, 32]",4.000002222222292
91,LINK,0,2,0,9.000002222222221,M.USER.APP.0,1673.000004,20,3,"[1, 0, 2, 9, 28]",0.0
92,LINK,0,3,1,1.00002,M.USER.APP.1,1677.0000022222223,20,3,"[2, 0, 3, 10, 32]",0.0
93,LINK,0,2,0,9.000002222222221,M.USER.APP.0,1678.000008,20,3,"[1, 0, 2, 9, 28]",3.9999982222223025
92,LINK,3,10,1,2.00001,M.USER.APP.1,1678.0000222222222,20,3,"[2, 0, 3, 10, 32]",0.0
92,LINK,10,32,1,6.000003333333333,M.USER.APP.1,1680.0000322222222,20,3,"[2, 0, 3, 10, 32]",0.0
91,LINK,2,9,0,1.00002,M.USER.APP.0,1682.0000062222223,20,3,"[1, 0, 2, 9, 28]",0.0
91,LINK,9,28,0,1.00002,M.USER.APP.0,1683.0000262222222,20,3,"[1, 0, 2, 9, 28]",0.0
91,LINK,28,9,0,1.00003,0_(0-3),1684.600046222222,30,3,"[28, 9]",0.0
94,LINK,0,3,1,1.00002,M.USER.APP.1,1686.0000044444446,20,2,"[2, 0, 3, 10, 32]",0.0
94,LINK,3,10,1,2.00001,M.USER.APP.1,1687.0000244444445,20,1,"[2, 0, 3, 10, 32]",0.0
94,LINK,10,32,1,6.000003333333333,M.USER.APP.1,1689.0000344444445,20,1,"[2, 0, 3, 10, 32]",0.0
93,LINK,2,9,0,1.00002,M.USER.APP.0,1691.0000084444446,20,1,"[1, 0, 2, 9, 28]",0.0
93,LINK,9,28,0,1.00002,M.USER.APP.0,1692.0000284444445,20,1,"[1, 0, 2, 9, 28]",0.0
93,LINK,28,9,0,1.00003,0_(0-3),1693.6000484444444,30,1,"[28, 9]",0.0
95,LINK,3,12,2,3.00001,M.USER.APP.2,1780,30,0,"[3, 12, 38, 117]",0.0
96,LINK,4,1,3,10.000002,M.USER.APP.3,1780,20,1,"[4, 1, 0, 2, 9, 28]",0.0
97,LINK,5,1,4,10.000002,M.USER.APP.4,1780,20,2,"[5, 1, 0, 3, 10, 33, 101]",0.0
98,LINK,6,1,5,7.000001714285714,M.USER.APP.5,1780,12,3,"[6, 1, 0, 2, 7, 23, 72]",0.0
99,LINK,7,2,6,6.000003666666666,M.USER.APP.6,1780,22,4,"[7, 2, 0, 1, 5, 17]",0.0
100,LINK,8,2,7,8.0000125,M.USER.APP.7,1780,100,5,"[8, 2]",0.0
101,LINK,9,2,8,1.00001,M.USER.APP.8,1780,10,6,"[9, 2, 0, 3, 10, 31]",0.0
102,LINK,10,3,9,2.000011,M.USER.APP.9,1780,22,7,"[10, 3, 11, 34, 103]",0.0
101,LINK,2,0,8,9.00000111111111,M.USER.APP.8,1781.00001,10,7,"[9, 2, 0, 3, 10, 31]",0.0
102,LINK,3,11,9,3.0000073333333335,M.USER.APP.9,1782.000011,22,7,"[10, 3, 11, 34, 103]",0.0
95,LINK,12,38,2,2.000015,M.USER.APP.2,1783.00001,30,7,"[3, 12, 38, 117]",0.0
102,LINK,11,34,9,7.0000031428571425,M.USER.APP.9,1785.0000183333334,22,7,"[10, 3, 11, 34, 103]",0.0
95,LINK,38,117,2,4.0000075,M.USER.APP.2,1785.000025,30,7,"[3, 12, 38, 117]",0.0
99,LINK,2,0,6,9.000002444444444,M.USER.APP.6,1786.0000036666668,22,7,"[7, 2, 0, 1, 5, 17]",4.000007444444236
98,LINK,1,0,5,5.0000024,M.USER.APP.5,1787.0000017142856,12,7,"[6, 1, 0, 2, 7, 23, 72]",0.0
96,LINK,1,0,3,5.000004,M.USER.APP.3,1790.000002,20,4,"[4, 1, 0, 2, 9, 28]",2.000002114285735
97,LINK,1,0,4,5.000004,M.USER.APP.4,1790.000002,20,5,"[5, 1, 0, 3, 10, 33, 101]",7.000006114285725
101,LINK,0,3,8,1.00001,M.USER.APP.8,1790.000011111111,10,5,"[9, 2, 0, 3, 10, 31]",0.0
101,LINK,3,10,8,2.000005,M.USER.APP.8,1791.000021111111,10,5,"[9, 2, 0, 3, 10, 31]",0.0
98,LINK,0,2,5,9.000001333333334,M.USER.APP.5,1792.0000041142857,12,5,"[6, 1, 0, 2, 7, 23, 72]",0.0
102,LINK,34,103,9,9.000002444444444,M.USER.APP.9,1792.0000214761906,22,5,"[10, 3, 11, 34, 103]",0.0
101,LINK,10,31,8,9.00000111111111,M.USER.APP.8,1793.000026111111,10,5,"[9, 2, 0, 3, 10, 31]",0.0
96,LINK,0,2,3,9.000002222222221,M.USER.APP.3,1797.0000081142857,20,5,"[4, 1, 0, 2, 9, 28]",3.99999733333334
99,LINK,0,1,6,5.0000044,M.USER.APP.6,1799.0000135555554,22,5,"[7, 2, 0, 1, 5, 17]",0.0
98,LINK,2,7,5,6.000002,M.USER.APP.5,1801.000005447619,12,5,"[6, 1, 0, 2, 7, 23, 72]",0.0
97,LINK,0,3,4,1.00002,M.USER.APP.4,1802.0000121142857,20,4,"[5, 1, 0, 3, 10, 33, 101]",0.0
97,LINK,3,10,4,2.00001,M.USER.APP.4,1803.0000321142857,20,3,"[5, 1, 0, 3, 10, 33, 101]",0.0
99,LINK,1,5,6,10.0000022,M.USER.APP.6,1804.0000179555554,22,3,"[7, 2, 0, 1, 5, 17]",0.0
97,LINK,10,33,4,3.0000066666666667,M.USER.APP.4,1805.0000421142856,20,3,"[5, 1, 0, 3, 10, 33, 101]",0.0
98,LINK,7,23,5,10.0000012,M.USER.APP.5,1807.000007447619,12,3,"[6, 1, 0, 2, 7, 23, 72]",0.0
97,LINK,33,101,4,9.000002222222221,M.USER.APP.4,1808.0000487809523,20,3,"[5, 1, 0, 3, 10, 33, 101]",0.0
96,LINK,2,9,3,1.00002,M.USER.APP.3,1810.0000076698414,20,3,"[4, 1, 0, 2, 9, 28]",0.0
96,LINK,9,28,3,1.00002,M.USER.APP.3,1811.0000276698413,20,3,"[4, 1, 0, 2, 9, 28]",0.0
96,LINK,28,9,3,1.00002,3_(0-2),1812.3000476698412,20,3,"[28, 9]",0.0
99,LINK,5,17,6,1.000022,M.USER.APP.6,1814.0000201555554,22,2,"[7, 2, 0, 1, 5, 17]",0.0
98,LINK,23,72,5,3.000004,M.USER.APP.5,1817.000008647619,12,1,"[6, 1, 0, 2, 7, 23, 72]",0.0
103,LINK,1,0,0,5.000004,M.USER.APP.0,1895,20,0,"[1, 0, 2, 9, 28]",0.0
104,LINK,2,0,1,9.000002222222221,M.USER.APP.1,1895,20,1,"[2, 0, 3, 10, 32]",0.0
103,LINK,0,2,0,9.000002222222221,M.USER.APP.0,1900.000004,20,1,"[1, 0, 2, 9, 28]",0.0
104,LINK,0,3,1,1.00002,M.USER.APP.1,1904.0000022222223,20,1,"[2, 0, 3, 10, 32]",0.0
104,LINK,3,10,1,2.00001,M.USER.APP.1,1905.0000222222222,20,1,"[2, 0, 3, 10, 32]",0.0
104,LINK,10,32,1,6.000003333333333,M.USER.APP.1,1907.0000322222222,20,1,"[2, 0, 3, 10, 32]",0.0
103,LINK,2,9,0,1.00002,M.USER.APP.0,1909.0000062222223,20,1,"[1, 0, 2, 9, 28]",0.0
103,LINK,9,28,0,1.00002,M.USER.APP.0,1910.0000262222222,20,1,"[1, 0, 2, 9, 28]",0.0
103,LINK,28,9,0,1.00003,0_(0-3),1911.600046222222,30,1,"[28, 9]",0.0
105,LINK,1,0,0,5.000004,M.USER.APP.0,2003,20,0,"[1, 0, 2, 9, 28]",0.0
106,LINK,2,0,1,9.000002222222221,M.USER.APP.1,2003,20,1,"[2, 0, 3, 10, 32]",0.0
105,LINK,0,2,0,9.000002222222221,M.USER.APP.0,2008.000004,20,1,"[1, 0, 2, 9, 28]",0.0
106,LINK,0,3,1,1.00002,M.USER.APP.1,2012.0000022222223,20,1,"[2, 0, 3, 10, 32]",0.0
106,LINK,3,10,1,2.00001,M.USER.APP.1,2013.0000222222222,20,1,"[2, 0, 3, 10, 32]",0.0
106,LINK,10,32,1,6.000003333333333,M.USER.APP.1,2015.0000322222222,20,1,"[2, 0, 3, 10, 32]",0.0
105,LINK,2,9,0,1.00002,M.USER.APP.0,2017.0000062222223,20,1,"[1, 0, 2, 9, 28]",0.0
105,LINK,9,28,0,1.00002,M.USER.APP.0,2018.0000262222222,20,1,"[1, 0, 2, 9, 28]",0.0
105,LINK,28,9,0,1.00003,0_(0-3),2019.600046222222,30,1,"[28, 9]",0.0
107,LINK,3,12,2,3.00001,M.USER.APP.2,2166,30,0,"[3, 12, 38, 117]",0.0
108,LINK,4,1,3,10.000002,M.USER.APP.3,2166,20,1,"[4, 1, 0, 2, 9, 28]",0.0
109,LINK,5,1,4,10.000002,M.USER.APP.4,2166,20,2,"[5, 1, 0, 3, 10, 33, 101]",0.0
110,LINK,6,1,5,7.000001714285714,M.USER.APP.5,2166,12,3,"[6, 1, 0, 2, 7, 23, 72]",0.0
111,LINK,7,2,6,6.000003666666666,M.USER.APP.6,2166,22,4,"[7, 2, 0, 1, 5, 17]",0.0
112,LINK,8,2,7,8.0000125,M.USER.APP.7,2166,100,5,"[8, 2]",0.0
113,LINK,9,2,8,1.00001,M.USER.APP.8,2166,10,6,"[9, 2, 0, 3, 10, 31]",0.0
114,LINK,10,3,9,2.000011,M.USER.APP.9,2166,22,7,"[10, 3, 11, 34, 103]",0.0
115,LINK,1,0,0,5.000004,M.USER.APP.0,2166,20,8,"[1, 0, 2, 9, 28]",0.0
116,LINK,2,0,1,9.000002222222221,M.USER.APP.1,2166,20,9,"[2, 0, 3, 10, 32]",0.0
113,LINK,2,0,8,9.00000111111111,M.USER.APP.8,2167.00001,10,9,"[9, 2, 0, 3, 10, 31]",7.999992222221863
114,LINK,3,11,9,3.0000073333333335,M.USER.APP.9,2168.000011,22,9,"[10, 3, 11, 34, 103]",0.0
107,LINK,12,38,2,2.000015,M.USER.APP.2,2169.00001,30,9,"[3, 12, 38, 117]",0.0
115,LINK,0,2,0,9.000002222222221,M.USER.APP.0,2171.000004,20,9,"[1, 0, 2, 9, 28]",0.0
114,LINK,11,34,9,7.0000031428571425,M.USER.APP.9,2171.0000183333336,22,9,"[10, 3, 11, 34, 103]",0.0
107,LINK,38,117,2,4.0000075,M.USER.APP.2,2171.0000250000003,30,9,"[3, 12, 38, 117]",0.0
111,LINK,2,0,6,9.000002444444444,M.USER.APP.6,2172.0000036666665,22,9,"[7, 2, 0, 1, 5, 17]",11.999999666666554
110,LINK,1,0,5,5.0000024,M.USER.APP.5,2173.0000017142856,12,9,"[6, 1, 0, 2, 7, 23, 72]",0.0
116,LINK,0,3,1,1.00002,M.USER.APP.1,2175.000002222222,20,8,"[2, 0, 3, 10, 32]",0.0
108,LINK,1,0,3,5.000004,M.USER.APP.3,2176.000002,20,6,"[4, 1, 0, 2, 9, 28]",2.0000021142855076
109,LINK,1,0,4,5.000004,M.USER.APP.4,2176.000002,20,7,"[5, 1, 0, 3, 10, 33, 101]",7.0000061142854975
116,LINK,3,10,1,2.00001,M.USER.APP.1,2176.000022222222,20,7,"[2, 0, 3, 10, 32]",0.0
110,LINK,0,2,5,9.000001333333334,M.USER.APP.5,2178.0000041142857,12,7,"[6, 1, 0, 2, 7, 23, 72]",2.000002107936325
114,LINK,34,103,9,9.000002444444444,M.USER.APP.9,2178.000021476191,22,7,"[10, 3, 11, 34, 103]",0.0
116,LINK,10,32,1,6.000003333333333,M.USER.APP.1,2178.000032222222,20,7,"[2, 0, 3, 10, 32]",0.0
115,LINK,2,9,0,1.00002,M.USER.APP.0,2180.000006222222,20,7,"[1, 0, 2, 9, 28]",0.0
115,LINK,9,28,0,1.00002,M.USER.APP.0,2181.000026222222,20,7,"[1, 0, 2, 9, 28]",0.0
115,LINK,28,9,0,1.00003,0_(0-3),2182.6000462222223,30,7,"[28, 9]",0.0
108,LINK,0,2,3,9.000002222222221,M.USER.APP.3,2183.0000081142857,20,7,"[4, 1, 0, 2, 9, 28]",5.999999441269665
113,LINK,0,3,8,1.00001,M.USER.APP.8,2184.000003333333,10,6,"[9, 2, 0, 3, 10, 31]",0.0
113,LINK,3,10,8,2.000005,M.USER.APP.8,2185.0000133333333,10,5,"[9, 2, 0, 3, 10, 31]",0.0
113,LINK,10,31,8,9.00000111111111,M.USER.APP.8,2187.000018333333,10,5,"[9, 2, 0, 3, 10, 31]",0.0
109,LINK,0,3,4,1.00002,M.USER.APP.4,2188.0000121142857,20,4,"[5, 1, 0, 3, 10, 33, 101]",0.0
110,LINK,2,7,5,6.000002,M.USER.APP.5,2189.0000075555554,12,4,"[6, 1, 0, 2, 7, 23, 72]",0.0
109,LINK,3,10,4,2.00001,M.USER.APP.4,2189.0000321142857,20,4,"[5, 1, 0, 3, 10, 33, 101]",0.0
109,LINK,10,33,4,3.0000066666666667,M.USER.APP.4,2191.000042114286,20,4,"[5, 1, 0, 3, 10, 33, 101]",0.0
111,LINK,0,1,6,5.0000044,M.USER.APP.6,2193.0000057777775,22,4,"[7, 2, 0, 1, 5, 17]",0.0
109,LINK,33,101,4,9.000002222222221,M.USER.APP.4,2194.0000487809525,20,4,"[5, 1, 0, 3, 10, 33, 101]",0.0
110,LINK,7,23,5,10.0000012,M.USER.APP.5,2195.0000095555556,12,4,"[6, 1, 0, 2, 7, 23, 72]",0.0
117,LINK,1,0,0,5.000004,M.USER.APP.0,2196,20,5,"[1, 0, 2, 9, 28]",0.0
118,LINK,2,0,1,9.000002222222221,M.USER.APP.1,2196,20,6,"[2, 0, 3, 10, 32]",0.0
108,LINK,2,9,3,1.00002,M.USER.APP.3,2198.0000097777774,20,5,"[4, 1, 0, 2, 9, 28]",0.0
111,LINK,1,5,6,10.0000022,M.USER.APP.6,2198.0000101777773,22,5,"[7, 2, 0, 1, 5, 17]",0.0
108,LINK,9,28,3,1.00002,M.USER.APP.3,2199.0000297777774,20,5,"[4, 1, 0, 2, 9, 28]",0.0
108,LINK,28,9,3,1.00002,3_(0-2),2200.3000497777775,20,5,"[28, 9]",0.0
117,LINK,0,2,0,9.000002222222221,M.USER.APP.0,2201.000004,20,5,"[1, 0, 2, 9, 28]",0.0
118,LINK,0,3,1,1.00002,M.USER.APP.1,2205.000002222222,20,3,"[2, 0, 3, 10, 32]",0.0
110,LINK,23,72,5,3.000004,M.USER.APP.5,2205.0000107555556,12,3,"[6, 1, 0, 2, 7, 23, 72]",0.0
118,LINK,3,10,1,2.00001,M.USER.APP.1,2206.000022222222,20,3,"[2, 0, 3, 10, 32]",0.0
111,LINK,5,17,6,1.000022,M.USER.APP.6,2208.0000123777772,22,3,"[7, 2, 0, 1, 5, 17]",0.0
118,LINK,10,32,1,6.000003333333333,M.USER.APP.1,2208.000032222222,20,2,"[2, 0, 3, 10, 32]",0.0
117,LINK,2,9,0,1.00002,M.USER.APP.0,2210.000006222222,20,1,"[1, 0, 2, 9, 28]",0.0
117,LINK,9,28,0,1.00002,M.USER.APP.0,2211.000026222222,20,1,"[1, 0, 2, 9, 28]",0.0
117,LINK,28,9,0,1.00003,0_(0-3),2212.6000462222223,30,1,"[28, 9]",0.0
119,LINK,1,0,0,5.000004,M.USER.APP.0,2240,20,0,"[1, 0, 2, 9, 28]",0.0
120,LINK,2,0,1,9.000002222222221,M.USER.APP.1,2240,20,1,"[2, 0, 3, 10, 32]",0.0
119,LINK,0,2,0,9.000002222222221,M.USER.APP.0,2245.000004,20,1,"[1, 0, 2, 9, 28]",0.0
120,LINK,0,3,1,1.00002,M.USER.APP.1,2249.000002222222,20,1,"[2, 0, 3, 10, 32]",0.0
120,LINK,3,10,1,2.00001,M.USER.APP.1,2250.000022222222,20,1,"[2, 0, 3, 10, 32]",0.0
120,LINK,10,32,1,6.000003333333333,M.USER.APP.1,2252.000032222222,20,1,"[2, 0, 3, 10, 32]",0.0
119,LINK,2,9,0,1.00002,M.USER.APP.0,2254.000006222222,20,1,"[1, 0, 2, 9, 28]",0.0
119,LINK,9,28,0,1.00002,M.USER.APP.0,2255.000026222222,20,1,"[1, 0, 2, 9, 28]",0.0
119,LINK,28,9,0,1.00003,0_(0-3),2256.6000462222223,30,1,"[28, 9]",0.0
121,LINK,3,12,2,3.00001,M.USER.APP.2,2437,30,0,"[3, 12, 38, 117]",0.0
122,LINK,4,1,3,10.000002,M.USER.APP.3,2437,20,1,"[4, 1, 0, 2, 9, 28]",0.0
123,LINK,5,1,4,10.000002,M.USER.APP.4,2437,20,2,"[5, 1, 0, 3, 10, 33, 101]",0.0
124,LINK,6,1,5,7.000001714285714,M.USER.APP.5,2437,12,3,"[6, 1, 0, 2, 7, 23, 72]",0.0
125,LINK,7,2,6,6.000003666666666,M.USER.APP.6,2437,22,4,"[7, 2, 0, 1, 5, 17]",0.0
126,LINK,8,2,7,8.0000125,M.USER.APP.7,2437,100,5,"[8, 2]",0.0
127,LINK,9,2,8,1.00001,M.USER.APP.8,2437,10,6,"[9, 2, 0, 3, 10, 31]",0.0
128,LINK,10,3,9,2.000011,M.USER.APP.9,2437,22,7,"[10, 3, 11, 34, 103]",0.0
127,LINK,2,0,8,9.00000111111111,M.USER.APP.8,2438.00001,10,7,"[9, 2, 0, 3, 10, 31]",0.0
128,LINK,3,11,9,3.0000073333333335,M.USER.APP.9,2439.000011,22,7,"[10, 3, 11, 34, 103]",0.0
121,LINK,12,38,2,2.000015,M.USER.APP.2,2440.00001,30,7,"[3, 12, 38, 117]",0.0
128,LINK,11,34,9,7.0000031428571425,M.USER.APP.9,2442.0000183333336,22,7,"[10, 3, 11, 34, 103]",0.0
121,LINK,38,117,2,4.0000075,M.USER.APP.2,2442.0000250000003,30,7,"[3, 12, 38, 117]",0.0
125,LINK,2,0,6,9.000002444444444,M.USER.APP.6,2443.0000036666665,22,7,"[7, 2, 0, 1, 5, 17]",4.000007444444691
124,LINK,1,0,5,5.0000024,M.USER.APP.5,2444.0000017142856,12,7,"[6, 1, 0, 2, 7, 23, 72]",0.0
122,LINK,1,0,3,5.000004,M.USER.APP.3,2447.000002,20,4,"[4, 1, 0, 2, 9, 28]",2.0000021142855076
123,LINK,1,0,4,5.000004,M.USER.APP.4,2447.000002,20,5,"[5, 1, 0, 3, 10, 33, 101]",7.0000061142854975
127,LINK,0,3,8,1.00001,M.USER.APP.8,2447.0000111111112,10,5,"[9, 2, 0, 3, 10, 31]",0.0
127,LINK,3,10,8,2.000005,M.USER.APP.8,2448.0000211111114,10,5,"[9, 2, 0, 3, 10, 31]",0.0
124,LINK,0,2,5,9.000001333333334,M.USER.APP.5,2449.0000041142857,12,5,"[6, 1, 0, 2, 7, 23, 72]",0.0
128,LINK,34,103,9,9.000002444444444,M.USER.APP.9,2449.000021476191,22,5,"[10, 3, 11, 34, 103]",0.0
127,LINK,10,31,8,9.00000111111111,M.USER.APP.8,2450.0000261111113,10,5,"[9, 2, 0, 3, 10, 31]",0.0
122,LINK,0,2,3,9.000002222222221,M.USER.APP.3,2454.0000081142857,20,5,"[4, 1, 0, 2, 9, 28]",3.99999733333334
125,LINK,0,1,6,5.0000044,M.USER.APP.6,2456.0000135555556,22,5,"[7, 2, 0, 1, 5, 17]",0.0
124,LINK,2,7,5,6.000002,M.USER.APP.5,2458.000005447619,12,5,"[6, 1, 0, 2, 7, 23, 72]",0.0
123,LINK,0,3,4,1.00002,M.USER.APP.4,2459.0000121142857,20,4,"[5, 1, 0, 3, 10, 33, 101]",0.0
123,LINK,3,10,4,2.00001,M.USER.APP.4,2460.0000321142857,20,3,"[5, 1, 0, 3, 10, 33, 101]",0.0
125,LINK,1,5,6,10.0000022,M.USER.APP.6,2461.0000179555554,22,3,"[7, 2, 0, 1, 5, 17]",0.0
123,LINK,10,33,4,3.0000066666666667,M.USER.APP.4,2462.000042114286,20,3,"[5, 1, 0, 3, 10, 33, 101]",0.0
124,LINK,7,23,5,10.0000012,M.USER.APP.5,2464.0000074476193,12,3,"[6, 1, 0, 2, 7, 23, 72]",0.0
123,LINK,33,101,4,9.000002222222221,M.USER.APP.4,2465.0000487809525,20,3,"[5, 1, 0, 3, 10, 33, 101]",0.0
122,LINK,2,9,3,1.00002,M.USER.APP.3,2467.000007669841,20,3,"[4, 1, 0, 2, 9, 28]",0.0
122,LINK,9,28,3,1.00002,M.USER.APP.3,2468.000027669841,20,3,"[4, 1, 0, 2, 9, 28]",0.0
122,LINK,28,9,3,1.00002,3_(0-2),2469.300047669841,20,3,"[28, 9]",0.0
125,LINK,5,17,6,1.000022,M.USER.APP.6,2471.0000201555554,22,2,"[7, 2, 0, 1, 5, 17]",0.0
124,LINK,23,72,5,3.000004,M.USER.APP.5,2474.0000086476193,12,1,"[6, 1, 0, 2, 7, 23, 72]",0.0
129,LINK,1,0,0,5.000004,M.USER.APP.0,2562,20,0,"[1, 0, 2, 9, 28]",0.0
130,LINK,2,0,1,9.000002222222221,M.USER.APP.1,2562,20,1,"[2, 0, 3, 10, 32]",0.0
129,LINK,0,2,0,9.000002222222221,M.USER.APP.0,2567.000004,20,1,"[1, 0, 2, 9, 28]",0.0
130,LINK,0,3,1,1.00002,M.USER.APP.1,2571.000002222222,20,1,"[2, 0, 3, 10, 32]",0.0
130,LINK,3,10,1,2.00001,M.USER.APP.1,2572.000022222222,20,1,"[2, 0, 3, 10, 32]",0.0
130,LINK,10,32,1,6.000003333333333,M.USER.APP.1,2574.000032222222,20,1,"[2, 0, 3, 10, 32]",0.0
129,LINK,2,9,0,1.00002,M.USER.APP.0,2576.000006222222,20,1,"[1, 0, 2, 9, 28]",0.0
129,LINK,9,28,0,1.00002,M.USER.APP.0,2577.000026222222,20,1,"[1, 0, 2, 9, 28]",0.0
129,LINK,28,9,0,1.00003,0_(0-3),2578.6000462222223,30,1,"[28, 9]",0.0
131,LINK,3,12,2,3.00001,M.USER.APP.2,3014,30,0,"[3, 12, 38, 117]",0.0
132,LINK,4,1,3,10.000002,M.USER.APP.3,3014,20,1,"[4, 1, 0, 2, 9, 28]",0.0
133,LINK,5,1,4,10.000002,M.USER.APP.4,3014,20,2,"[5, 1, 0, 3, 10, 33, 101]",0.0
134,LINK,6,1,5,7.000001714285714,M.USER.APP.5,3014,12,3,"[6, 1, 0, 2, 7, 23, 72]",0.0
135,LINK,7,2,6,6.000003666666666,M.USER.APP.6,3014,22,4,"[7, 2, 0, 1, 5, 17]",0.0
136,LINK,8,2,7,8.0000125,M.USER.APP.7,3014,100,5,"[8, 2]",0.0
137,LINK,9,2,8,1.00001,M.USER.APP.8,3014,10,6,"[9, 2, 0, 3, 10, 31]",0.0
138,LINK,10,3,9,2.000011,M.USER.APP.9,3014,22,7,"[10, 3, 11, 34, 103]",0.0
137,LINK,2,0,8,9.00000111111111,M.USER.APP.8,3015.00001,10,7,"[9, 2, 0, 3, 10, 31]",0.0
138,LINK,3,11,9,3.0000073333333335,M.USER.APP.9,3016.000011,22,7,"[10, 3, 11, 34, 103]",0.0
131,LINK,12,38,2,2.000015,M.USER.APP.2,3017.00001,30,7,"[3, 12, 38, 117]",0.0
138,LINK,11,34,9,7.0000031428571425,M.USER.APP.9,3019.0000183333336,22,7,"[10, 3, 11, 34, 103]",0.0
131,LINK,38,117,2,4.0000075,M.USER.APP.2,3019.0000250000003,30,7,"[3, 12, 38, 117]",0.0
135,LINK,2,0,6,9.000002444444444,M.USER.APP.6,3020.0000036666665,22,7,"[7, 2, 0, 1, 5, 17]",4.000007444444691
134,LINK,1,0,5,5.0000024,M.USER.APP.5,3021.0000017142856,12,7,"[6, 1, 0, 2, 7, 23, 72]",0.0
132,LINK,1,0,3,5.000004,M.USER.APP.3,3024.000002,20,4,"[4, 1, 0, 2, 9, 28]",2.0000021142855076
133,LINK,1,0,4,5.000004,M.USER.APP.4,3024.000002,20,5,"[5, 1, 0, 3, 10, 33, 101]",7.0000061142854975
137,LINK,0,3,8,1.00001,M.USER.APP.8,3024.0000111111112,10,5,"[9, 2, 0, 3, 10, 31]",0.0
137,LINK,3,10,8,2.000005,M.USER.APP.8,3025.0000211111114,10,5,"[9, 2, 0, 3, 10, 31]",0.0
134,LINK,0,2,5,9.000001333333334,M.USER.APP.5,3026.0000041142857,12,5,"[6, 1, 0, 2, 7, 23, 72]",0.0
138,LINK,34,103,9,9.000002444444444,M.USER.APP.9,3026.000021476191,22,5,"[10, 3, 11, 34, 103]",0.0
137,LINK,10,31,8,9.00000111111111,M.USER.APP.8,3027.0000261111113,10,5,"[9, 2, 0, 3, 10, 31]",0.0
132,LINK,0,2,3,9.000002222222221,M.USER.APP.3,3031.0000081142857,20,5,"[4, 1, 0, 2, 9, 28]",3.99999733333334
135,LINK,0,1,6,5.0000044,M.USER.APP.6,3033.0000135555556,22,5,"[7, 2, 0, 1, 5, 17]",0.0
134,LINK,2,7,5,6.000002,M.USER.APP.5,3035.000005447619,12,5,"[6, 1, 0, 2, 7, 23, 72]",0.0
133,LINK,0,3,4,1.00002,M.USER.APP.4,3036.0000121142857,20,4,"[5, 1, 0, 3, 10, 33, 101]",0.0
133,LINK,3,10,4,2.00001,M.USER.APP.4,3037.0000321142857,20,3,"[5, 1, 0, 3, 10, 33, 101]",0.0
135,LINK,1,5,6,10.0000022,M.USER.APP.6,3038.0000179555554,22,3,"[7, 2, 0, 1, 5, 17]",0.0
133,LINK,10,33,4,3.0000066666666667,M.USER.APP.4,3039.000042114286,20,3,"[5, 1, 0, 3, 10, 33, 101]",0.0
134,LINK,7,23,5,10.0000012,M.USER.APP.5,3041.0000074476193,12,3,"[6, 1, 0, 2, 7, 23, 72]",0.0
133,LINK,33,101,4,9.000002222222221,M.USER.APP.4,3042.0000487809525,20,3,"[5, 1, 0, 3, 10, 33, 101]",0.0
132,LINK,2,9,3,1.00002,M.USER.APP.3,3044.000007669841,20,3,"[4, 1, 0, 2, 9, 28]",0.0
132,LINK,9,28,3,1.00002,M.USER.APP.3,3045.000027669841,20,3,"[4, 1, 0, 2, 9, 28]",0.0
132,LINK,28,9,3,1.00002,3_(0-2),3046.300047669841,20,3,"[28, 9]",0.0
135,LINK,5,17,6,1.000022,M.USER.APP.6,3048.0000201555554,22,2,"[7, 2, 0, 1, 5, 17]",0.0
134,LINK,23,72,5,3.000004,M.USER.APP.5,3051.0000086476193,12,1,"[6, 1, 0, 2, 7, 23, 72]",0.0
139,LINK,3,12,2,3.00001,M.USER.APP.2,3128,30,0,"[3, 12, 38, 117]",0.0
140,LINK,4,1,3,10.000002,M.USER.APP.3,3128,20,1,"[4, 1, 0, 2, 9, 28]",0.0
141,LINK,5,1,4,10.000002,M.USER.APP.4,3128,20,2,"[5, 1, 0, 3, 10, 33, 101]",0.0
142,LINK,6,1,5,7.000001714285714,M.USER.APP.5,3128,12,3,"[6, 1, 0, 2, 7, 23, 72]",0.0
143,LINK,7,2,6,6.000003666666666,M.USER.APP.6,3128,22,4,"[7, 2, 0, 1, 5, 17]",0.0
144,LINK,8,2,7,8.0000125,M.USER.APP.7,3128,100,5,"[8, 2]",0.0
145,LINK,9,2,8,1.00001,M.USER.APP.8,3128,10,6,"[9, 2, 0, 3, 10, 31]",0.0
146,LINK,10,3,9,2.000011,M.USER.APP.9,3128,22,7,"[10, 3, 11, 34, 103]",0.0
145,LINK,2,0,8,9.00000111111111,M.USER.APP.8,3129.00001,10,7,"[9, 2, 0, 3, 10, 31]",0.0
146,LINK,3,11,9,3.0000073333333335,M.USER.APP.9,3130.000011,22,7,"[10, 3, 11, 34, 103]",0.0
139,LINK,12,38,2,2.000015,M.USER.APP.2,3131.00001,30,7,"[3, 12, 38, 117]",0.0
146,LINK,11,34,9,7.0000031428571425,M.USER.APP.9,3133.0000183333336,22,7,"[10, 3, 11, 34, 103]",0.0
139,LINK,38,117,2,4.0000075,M.USER.APP.2,3133.0000250000003,30,7,"[3, 12, 38, 117]",0.0
143,LINK,2,0,6,9.000002444444444,M.USER.APP.6,3134.0000036666665,22,7,"[7, 2, 0, 1, 5, 17]",4.000007444444691
142,LINK,1,0,5,5.0000024,M.USER.APP.5,3135.0000017142856,12,7,"[6, 1, 0, 2, 7, 23, 72]",0.0
140,LINK,1,0,3,5.000004,M.USER.APP.3,3138.000002,20,4,"[4, 1, 0, 2, 9, 28]",2.0000021142855076
141,LINK,1,0,4,5.000004,M.USER.APP.4,3138.000002,20,5,"[5, 1, 0, 3, 10, 33, 101]",7.0000061142854975
145,LINK,0,3,8,1.00001,M.USER.APP.8,3138.0000111111112,10,5,"[9, 2, 0, 3, 10, 31]",0.0
145,LINK,3,10,8,2.000005,M.USER.APP.8,3139.0000211111114,10,5,"[9, 2, 0, 3, 10, 31]",0.0
142,LINK,0,2,5,9.000001333333334,M.USER.APP.5,3140.0000041142857,12,5,"[6, 1, 0, 2, 7, 23, 72]",0.0
146,LINK,34,103,9,9.000002444444444,M.USER.APP.9,3140.000021476191,22,5,"[10, 3, 11, 34, 103]",0.0
145,LINK,10,31,8,9.00000111111111,M.USER.APP.8,3141.0000261111113,10,5,"[9, 2, 0, 3, 10, 31]",0.0
140,LINK,0,2,3,9.000002222222221,M.USER.APP.3,3145.0000081142857,20,5,"[4, 1, 0, 2, 9, 28]",3.99999733333334
143,LINK,0,1,6,5.0000044,M.USER.APP.6,3147.0000135555556,22,5,"[7, 2, 0, 1, 5, 17]",0.0
142,LINK,2,7,5,6.000002,M.USER.APP.5,3149.000005447619,12,5,"[6, 1, 0, 2, 7, 23, 72]",0.0
141,LINK,0,3,4,1.00002,M.USER.APP.4,3150.0000121142857,20,4,"[5, 1, 0, 3, 10, 33, 101]",0.0
141,LINK,3,10,4,2.00001,M.USER.APP.4,3151.0000321142857,20,3,"[5, 1, 0, 3, 10, 33, 101]",0.0
143,LINK,1,5,6,10.0000022,M.USER.APP.6,3152.0000179555554,22,3,"[7, 2, 0, 1, 5, 17]",0.0
141,LINK,10,33,4,3.0000066666666667,M.USER.APP.4,3153.000042114286,20,3,"[5, 1, 0, 3, 10, 33, 101]",0.0
142,LINK,7,23,5,10.0000012,M.USER.APP.5,3155.0000074476193,12,3,"[6, 1, 0, 2, 7, 23, 72]",0.0
141,LINK,33,101,4,9.000002222222221,M.USER.APP.4,3156.0000487809525,20,3,"[5, 1, 0, 3, 10, 33, 101]",0.0
140,LINK,2,9,3,1.00002,M.USER.APP.3,3158.000007669841,20,3,"[4, 1, 0, 2, 9, 28]",0.0
140,LINK,9,28,3,1.00002,M.USER.APP.3,3159.000027669841,20,3,"[4, 1, 0, 2, 9, 28]",0.0
140,LINK,28,9,3,1.00002,3_(0-2),3160.300047669841,20,3,"[28, 9]",0.0
143,LINK,5,17,6,1.000022,M.USER.APP.6,3162.0000201555554,22,2,"[7, 2, 0, 1, 5, 17]",0.0
142,LINK,23,72,5,3.000004,M.USER.APP.5,3165.0000086476193,12,1,"[6, 1, 0, 2, 7, 23, 72]",0.0
147,LINK,1,0,0,5.000004,M.USER.APP.0,3252,20,0,"[1, 0, 2, 9, 28]",0.0
148,LINK,2,0,1,9.000002222222221,M.USER.APP.1,3252,20,1,"[2, 0, 3, 10, 32]",0.0
147,LINK,0,2,0,9.000002222222221,M.USER.APP.0,3257.000004,20,1,"[1, 0, 2, 9, 28]",0.0
148,LINK,0,3,1,1.00002,M.USER.APP.1,3261.000002222222,20,1,"[2, 0, 3, 10, 32]",0.0
148,LINK,3,10,1,2.00001,M.USER.APP.1,3262.000022222222,20,1,"[2, 0, 3, 10, 32]",0.0
148,LINK,10,32,1,6.000003333333333,M.USER.APP.1,3264.000032222222,20,1,"[2, 0, 3, 10, 32]",0.0
147,LINK,2,9,0,1.00002,M.USER.APP.0,3266.000006222222,20,1,"[1, 0, 2, 9, 28]",0.0
147,LINK,9,28,0,1.00002,M.USER.APP.0,3267.000026222222,20,1,"[1, 0, 2, 9, 28]",0.0
147,LINK,28,9,0,1.00003,0_(0-3),3268.6000462222223,30,1,"[28, 9]",0.0
149,LINK,1,0,0,5.000004,M.USER.APP.0,3327,20,0,"[1, 0, 2, 9, 28]",0.0
150,LINK,2,0,1,9.000002222222221,M.USER.APP.1,3327,20,1,"[2, 0, 3, 10, 32]",0.0
149,LINK,0,2,0,9.000002222222221,M.USER.APP.0,3332.000004,20,1,"[1, 0, 2, 9, 28]",0.0
150,LINK,0,3,1,1.00002,M.USER.APP.1,3336.000002222222,20,1,"[2, 0, 3, 10, 32]",0.0
150,LINK,3,10,1,2.00001,M.USER.APP.1,3337.000022222222,20,1,"[2, 0, 3, 10, 32]",0.0
150,LINK,10,32,1,6.000003333333333,M.USER.APP.1,3339.000032222222,20,1,"[2, 0, 3, 10, 32]",0.0
149,LINK,2,9,0,1.00002,M.USER.APP.0,3341.000006222222,20,1,"[1, 0, 2, 9, 28]",0.0
149,LINK,9,28,0,1.00002,M.USER.APP.0,3342.000026222222,20,1,"[1, 0, 2, 9, 28]",0.0
149,LINK,28,9,0,1.00003,0_(0-3),3343.6000462222223,30,1,"[28, 9]",0.0
151,LINK,1,0,0,5.000004,M.USER.APP.0,3562,20,0,"[1, 0, 2, 9, 28]",0.0
152,LINK,2,0,1,9.000002222222221,M.USER.APP.1,3562,20,1,"[2, 0, 3, 10, 32]",0.0
151,LINK,0,2,0,9.000002222222221,M.USER.APP.0,3567.000004,20,1,"[1, 0, 2, 9, 28]",0.0
152,LINK,0,3,1,1.00002,M.USER.APP.1,3571.000002222222,20,1,"[2, 0, 3, 10, 32]",0.0
152,LINK,3,10,1,2.00001,M.USER.APP.1,3572.000022222222,20,1,"[2, 0, 3, 10, 32]",0.0
152,LINK,10,32,1,6.000003333333333,M.USER.APP.1,3574.000032222222,20,1,"[2, 0, 3, 10, 32]",0.0
151,LINK,2,9,0,1.00002,M.USER.APP.0,3576.000006222222,20,1,"[1, 0, 2, 9, 28]",0.0
151,LINK,9,28,0,1.00002,M.USER.APP.0,3577.000026222222,20,1,"[1, 0, 2, 9, 28]",0.0
151,LINK,28,9,0,1.00003,0_(0-3),3578.6000462222223,30,1,"[28, 9]",0.0
153,LINK,1,0,0,5.000004,M.USER.APP.0,3980,20,0,"[1, 0, 2, 9, 28]",0.0
154,LINK,2,0,1,9.000002222222221,M.USER.APP.1,3980,20,1,"[2, 0, 3, 10, 32]",0.0
153,LINK,0,2,0,9.000002222222221,M.USER.APP.0,3985.000004,20,1,"[1, 0, 2, 9, 28]",0.0
154,LINK,0,3,1,1.00002,M.USER.APP.1,3989.000002222222,20,1,"[2, 0, 3, 10, 32]",0.0
154,LINK,3,10,1,2.00001,M.USER.APP.1,3990.000022222222,20,1,"[2, 0, 3, 10, 32]",0.0
154,LINK,10,32,1,6.000003333333333,M.USER.APP.1,3992.000032222222,20,1,"[2, 0, 3, 10, 32]",0.0
153,LINK,2,9,0,1.00002,M.USER.APP.0,3994.000006222222,20,1,"[1, 0, 2, 9, 28]",0.0
153,LINK,9,28,0,1.00002,M.USER.APP.0,3995.000026222222,20,1,"[1, 0, 2, 9, 28]",0.0
153,LINK,28,9,0,1.00003,0_(0-3),3996.6000462222223,30,1,"[28, 9]",0.0
